-- MySQL dump 10.13  Distrib 5.1.55, for Win32 (ia32)
--
-- Host: localhost    Database: mmo_db
-- ------------------------------------------------------
-- Server version	5.1.55-community

/*!40101 SET @OLD_CHARACTER_SET_CLIENT=@@CHARACTER_SET_CLIENT */;
/*!40101 SET @OLD_CHARACTER_SET_RESULTS=@@CHARACTER_SET_RESULTS */;
/*!40101 SET @OLD_COLLATION_CONNECTION=@@COLLATION_CONNECTION */;
/*!40101 SET NAMES utf8 */;
/*!40103 SET @OLD_TIME_ZONE=@@TIME_ZONE */;
/*!40103 SET TIME_ZONE='+00:00' */;
/*!40014 SET @OLD_UNIQUE_CHECKS=@@UNIQUE_CHECKS, UNIQUE_CHECKS=0 */;
/*!40014 SET @OLD_FOREIGN_KEY_CHECKS=@@FOREIGN_KEY_CHECKS, FOREIGN_KEY_CHECKS=0 */;
/*!40101 SET @OLD_SQL_MODE=@@SQL_MODE, SQL_MODE='NO_AUTO_VALUE_ON_ZERO' */;
/*!40111 SET @OLD_SQL_NOTES=@@SQL_NOTES, SQL_NOTES=0 */;

--
-- Table structure for table `po_battle_range`
--

DROP TABLE IF EXISTS `po_battle_range`;
/*!40101 SET @saved_cs_client     = @@character_set_client */;
/*!40101 SET character_set_client = utf8 */;
CREATE TABLE `po_battle_range` (
  `id` int(10) unsigned NOT NULL AUTO_INCREMENT,
  `range_style` int(11) DEFAULT NULL COMMENT '范围类型，1表示矩形，2表示扇形无',
  `range_parameter` varchar(255) DEFAULT NULL COMMENT '范围参数根据范围的类型，如果是矩形就是四个参数，如果是扇形就是三个参数，中间用逗号隔开',
  PRIMARY KEY (`id`)
) ENGINE=InnoDB AUTO_INCREMENT=2703003 DEFAULT CHARSET=utf8;
/*!40101 SET character_set_client = @saved_cs_client */;

--
-- Dumping data for table `po_battle_range`
--

LOCK TABLES `po_battle_range` WRITE;
/*!40000 ALTER TABLE `po_battle_range` DISABLE KEYS */;
INSERT INTO `po_battle_range` VALUES (2701001,1,'150,0,100,100'),(2701002,1,'250,0,80,80'),(2701003,1,'150,0,40,40'),(2702001,2,'0,360,150'),(2702002,2,'270,90,200'),(2702003,2,'0,360,200'),(2702004,2,'0,360,150'),(2702005,2,'0,360,150'),(2702006,2,'0,360,250'),(2702007,2,'0,360,150'),(2702008,2,'0,360,150'),(2702009,2,'315,45,300'),(2702010,2,'315,45,300'),(2702011,2,'0,360,2000'),(2703001,2,'0,360,1'),(2703002,2,'0,360,55');
/*!40000 ALTER TABLE `po_battle_range` ENABLE KEYS */;
UNLOCK TABLES;

--
-- Table structure for table `po_buff`
--

DROP TABLE IF EXISTS `po_buff`;
/*!40101 SET @saved_cs_client     = @@character_set_client */;
/*!40101 SET character_set_client = utf8 */;
CREATE TABLE `po_buff` (
  `id` int(10) unsigned NOT NULL AUTO_INCREMENT,
  `visuals_carring` varchar(255) DEFAULT NULL COMMENT '持续视觉特效特效id1,\n特效id2…',
  `duration_valexp` varchar(255) DEFAULT NULL COMMENT '持续时间buff持续时间\n值表达式',
  `icon` varchar(255) DEFAULT NULL COMMENT '图标buff图标',
  `name` varchar(255) DEFAULT NULL COMMENT '名称buff名',
  `buff_effects_exp` varchar(255) DEFAULT NULL COMMENT 'buff效果表达式效果类型|参与1|参数2|参数3…\n示例：（参数支持值表达式）\n2|2000|-1*（getattack()）\n1 掉血\n2 周期掉血\n3 攻击力固定值变化\n4 攻击力百分比变化\n…',
  `override_way` int(11) DEFAULT NULL COMMENT '重叠效果1 直接取消\n2 直接覆盖\n3 时间追加\n4 值叠加,刷新时间追加',
  `buff_type` int(11) DEFAULT NULL COMMENT '类别1 无法使用技能\n2 无法移动\n3 流血\n4 冰冻\n5 中毒\n6 减速\n7 无敌',
  PRIMARY KEY (`id`)
) ENGINE=InnoDB AUTO_INCREMENT=3 DEFAULT CHARSET=utf8;
/*!40101 SET character_set_client = @saved_cs_client */;

--
-- Dumping data for table `po_buff`
--

LOCK TABLES `po_buff` WRITE;
/*!40000 ALTER TABLE `po_buff` DISABLE KEYS */;
INSERT INTO `po_buff` VALUES (1,'DivineFX','3000',NULL,'无敌','1|1|1|1',1,1),(2,'BindFX','5000',NULL,'减速','2|2|2|2',1,1);
/*!40000 ALTER TABLE `po_buff` ENABLE KEYS */;
UNLOCK TABLES;

--
-- Table structure for table `po_item`
--

DROP TABLE IF EXISTS `po_item`;
/*!40101 SET @saved_cs_client     = @@character_set_client */;
/*!40101 SET character_set_client = utf8 */;
CREATE TABLE `po_item` (
  `id` int(10) unsigned NOT NULL AUTO_INCREMENT,
  `item_desc` varchar(255) DEFAULT NULL COMMENT '无备注无备注',
  `fold_max` int(11) DEFAULT NULL COMMENT '无备注无备注',
  `bind_type` varchar(255) DEFAULT NULL COMMENT '无备注无备注',
  `item_lv` int(11) DEFAULT NULL COMMENT '无备注无备注',
  `eqp_bat_attr_exp` varchar(255) DEFAULT NULL COMMENT '无备注无备注',
  `icon` varchar(255) DEFAULT NULL COMMENT '无备注无备注',
  `match_class` int(11) DEFAULT NULL COMMENT '无备注无备注',
  `name` varchar(255) DEFAULT NULL COMMENT '无备注无备注',
  `eqp_type` int(11) DEFAULT NULL COMMENT '无备注无备注',
  `drop_type` int(11) DEFAULT NULL COMMENT '无备注无备注',
  `require_lv` int(11) DEFAULT NULL COMMENT '无备注无备注',
  `quality` int(11) DEFAULT NULL COMMENT '无备注无备注',
  `sell_price` int(11) DEFAULT NULL COMMENT '无备注无备注',
  PRIMARY KEY (`id`)
) ENGINE=InnoDB AUTO_INCREMENT=13 DEFAULT CHARSET=utf8;
/*!40101 SET character_set_client = @saved_cs_client */;

--
-- Dumping data for table `po_item`
--

LOCK TABLES `po_item` WRITE;
/*!40000 ALTER TABLE `po_item` DISABLE KEYS */;
INSERT INTO `po_item` VALUES (1,'hello',99,'1',1,NULL,'1',1,'草鞋',1,0,1,1,1),(2,'hello',99,'1',1,NULL,'1',1,'棉衣',1,0,1,1,1),(3,'hello',99,'1',1,NULL,'1',1,'木棍',1,0,1,1,1),(4,'hello',99,'1',1,NULL,'1',1,'侠客棉鞋',1,0,1,1,1),(5,'hello',99,'1',1,NULL,'1',1,'侠客长衫',1,0,1,1,1),(6,'hello',99,'1',1,NULL,'1',1,'侠客长剑',1,0,1,1,1),(7,'hello',99,'1',1,NULL,'1',1,'王者之踏',1,0,1,1,1),(8,'hello',99,'1',1,NULL,'1',1,'王者之舞',1,0,1,1,1),(9,'hello',99,'1',1,NULL,'1',1,'王者之剑',1,0,1,1,1),(10,'hello',99,'1',1,NULL,'1',1,'龙鳞鞋',1,0,1,1,1),(11,'hello',99,'1',1,NULL,'1',1,'龙鳞甲',1,0,1,1,1),(12,'hello',99,'1',1,NULL,'1',1,'龙鳞剑',1,0,1,1,1);
/*!40000 ALTER TABLE `po_item` ENABLE KEYS */;
UNLOCK TABLES;

--
-- Table structure for table `po_lv_config`
--

DROP TABLE IF EXISTS `po_lv_config`;
/*!40101 SET @saved_cs_client     = @@character_set_client */;
/*!40101 SET character_set_client = utf8 */;
CREATE TABLE `po_lv_config` (
  `id` int(10) unsigned NOT NULL AUTO_INCREMENT,
  `player_level` int(11) DEFAULT NULL COMMENT '玩家等级玩家等级为此exp x 2 ',
  `exp` int(11) DEFAULT NULL COMMENT '所需经验升级需要的经验',
  `bat_melee_attack_min` int(11) DEFAULT '0',
  `bat_magic_attack_min` int(11) DEFAULT NULL,
  `bat_melee_defence_min` int(11) DEFAULT NULL,
  `bat_magic_defence_min` int(11) DEFAULT NULL,
  `bat_melee_attack_max` int(11) DEFAULT NULL,
  `bat_magic_attack_max` int(11) DEFAULT NULL,
  `bat_melee_defence_max` int(11) DEFAULT NULL,
  `bat_magic_defence_max` int(11) DEFAULT NULL,
  `bat_hp` int(11) DEFAULT NULL,
  `bat_mp` int(11) DEFAULT NULL,
  `bat_critical` int(11) DEFAULT NULL,
  `bat_dodge` int(11) DEFAULT NULL,
  `bat_hp_reg` int(11) DEFAULT NULL,
  `bat_mp_reg` int(11) DEFAULT NULL,
  `bat_movement` int(11) DEFAULT NULL,
  `bat_lucky` int(11) DEFAULT NULL,
  PRIMARY KEY (`id`)
) ENGINE=InnoDB AUTO_INCREMENT=101 DEFAULT CHARSET=utf8;
/*!40101 SET character_set_client = @saved_cs_client */;

--
-- Dumping data for table `po_lv_config`
--

LOCK TABLES `po_lv_config` WRITE;
/*!40000 ALTER TABLE `po_lv_config` DISABLE KEYS */;
INSERT INTO `po_lv_config` VALUES (1,1,300,10,0,2,1,16,0,5,3,100,30,5,2,10,3,10,0),(2,2,700,10,0,2,1,16,0,5,3,120,36,5,2,12,3,10,0),(3,3,1300,10,0,2,1,16,0,5,3,130,39,5,2,13,3,10,0),(4,4,2100,10,0,2,1,17,0,6,4,140,42,5,2,14,4,10,0),(5,5,3100,10,0,2,1,17,0,6,4,150,45,5,2,15,4,10,0),(6,6,4300,10,0,2,1,17,0,6,4,160,48,5,2,16,4,10,0),(7,7,5700,11,0,3,2,17,0,6,4,170,51,5,2,17,5,10,0),(8,8,7300,11,0,3,2,18,0,7,5,180,54,5,2,18,5,10,0),(9,9,9100,11,0,3,2,18,0,7,5,190,57,5,2,19,5,10,0),(10,10,11600,11,0,3,2,18,0,7,5,200,60,5,2,20,6,10,0),(11,11,13800,11,0,3,2,18,0,7,5,210,63,5,2,21,6,10,0),(12,12,16200,11,0,3,2,19,0,8,6,220,66,5,2,22,6,10,0),(13,13,18800,11,0,3,2,19,0,8,6,230,69,5,2,23,6,10,0),(14,14,21600,12,0,4,3,19,0,8,6,240,72,5,2,24,7,10,0),(15,15,24600,12,0,4,3,19,0,8,6,250,75,5,2,25,7,10,0),(16,16,27800,12,0,4,3,20,0,9,7,260,78,5,2,26,7,10,0),(17,17,31200,12,0,4,3,20,0,9,7,270,81,5,2,27,8,10,0),(18,18,34800,12,0,4,3,20,0,9,7,280,84,5,2,28,8,10,0),(19,19,38600,12,0,4,3,20,0,9,7,290,87,5,2,29,8,10,0),(20,20,58100,12,0,4,3,21,0,10,8,300,90,5,2,30,9,10,0),(21,21,62300,13,0,5,4,21,0,10,8,310,93,5,2,31,9,10,0),(22,22,66700,13,0,5,4,21,0,10,8,320,96,5,2,32,9,10,0),(23,23,71300,13,0,5,4,21,0,10,8,330,99,5,2,33,9,10,0),(24,24,76100,13,0,5,4,22,0,11,9,340,102,5,2,34,10,10,0),(25,25,81100,13,0,5,4,22,0,11,9,350,105,5,2,35,10,10,0),(26,26,86300,13,0,5,4,22,0,11,9,360,108,5,2,36,10,10,0),(27,27,91700,13,0,5,4,22,0,11,9,370,111,5,2,37,11,10,0),(28,28,97300,14,0,6,5,23,0,12,10,380,114,5,2,38,11,10,0),(29,29,103100,14,0,6,5,23,0,12,10,390,117,5,2,39,11,10,0),(30,30,214600,14,0,6,5,23,0,12,10,400,120,5,2,40,12,10,0),(31,31,220800,14,0,6,5,23,0,12,10,410,123,5,2,41,12,10,0),(32,32,227200,14,0,6,5,24,0,13,11,420,126,5,2,42,12,10,0),(33,33,233800,14,0,6,5,24,0,13,11,430,129,5,2,43,12,10,0),(34,34,240600,14,0,6,5,24,0,13,11,440,132,5,2,44,13,10,0),(35,35,247600,15,0,7,6,24,0,13,11,450,135,5,2,45,13,10,0),(36,36,254800,15,0,7,6,25,0,14,12,460,138,5,2,46,13,10,0),(37,37,262200,15,0,7,6,25,0,14,12,470,141,5,2,47,14,10,0),(38,38,269800,15,0,7,6,25,0,14,12,480,144,5,2,48,14,10,0),(39,39,277600,15,0,7,6,25,0,14,12,490,147,5,2,49,14,10,0),(40,40,676100,15,0,7,6,26,0,15,13,500,150,5,2,50,15,10,0),(41,41,684300,15,0,7,6,26,0,15,13,510,153,5,2,51,15,10,0),(42,42,692700,16,0,8,7,26,0,15,13,520,156,5,2,52,15,10,0),(43,43,701300,16,0,8,7,26,0,15,13,530,159,5,2,53,15,10,0),(44,44,710100,16,0,8,7,27,0,16,14,540,162,5,2,54,16,10,0),(45,45,719100,16,0,8,7,27,0,16,14,550,165,5,2,55,16,10,0),(46,46,728300,16,0,8,7,27,0,16,14,560,168,5,2,56,16,10,0),(47,47,737700,16,0,8,7,27,0,16,14,570,171,5,2,57,17,10,0),(48,48,747300,16,0,8,7,28,0,17,15,580,174,5,2,58,17,10,0),(49,49,757100,17,0,9,8,28,0,17,15,590,177,5,2,59,17,10,0),(50,50,1817600,17,0,9,8,28,0,17,15,600,180,5,2,60,18,10,0),(51,51,1827800,17,0,9,8,28,0,17,15,610,183,5,2,61,18,10,0),(52,52,1838200,17,0,9,8,29,0,18,16,620,186,5,2,62,18,10,0),(53,53,1848800,17,0,9,8,29,0,18,16,630,189,5,2,63,18,10,0),(54,54,1859600,17,0,9,8,29,0,18,16,640,192,5,2,64,19,10,0),(55,55,1870600,17,0,9,8,29,0,18,16,650,195,5,2,65,19,10,0),(56,56,1881800,18,0,10,9,30,0,19,17,660,198,5,2,66,19,10,0),(57,57,1893200,18,0,10,9,30,0,19,17,670,201,5,2,67,20,10,0),(58,58,1904800,18,0,10,9,30,0,19,17,680,204,5,2,68,20,10,0),(59,59,1916600,18,0,10,9,30,0,19,17,690,207,5,2,69,20,10,0),(60,60,4254100,18,0,10,9,31,0,20,18,700,210,5,2,70,21,10,0),(61,61,4266300,18,0,10,9,31,0,20,18,710,213,5,2,71,21,10,0),(62,62,4278700,18,0,10,9,31,0,20,18,720,216,5,2,72,21,10,0),(63,63,4291300,19,0,11,10,31,0,20,18,730,219,5,2,73,21,10,0),(64,64,4304100,19,0,11,10,32,0,21,19,740,222,5,2,74,22,10,0),(65,65,4317100,19,0,11,10,32,0,21,19,750,225,5,2,75,22,10,0),(66,66,4330300,19,0,11,10,32,0,21,19,760,228,5,2,76,22,10,0),(67,67,4343700,19,0,11,10,32,0,21,19,770,231,5,2,77,23,10,0),(68,68,4357300,19,0,11,10,33,0,22,20,780,234,5,2,78,23,10,0),(69,69,4371100,19,0,11,10,33,0,22,20,790,237,5,2,79,23,10,0),(70,70,8900600,20,0,12,11,33,0,22,20,800,240,5,2,80,24,10,0),(71,71,8914800,20,0,12,11,33,0,22,20,810,243,5,2,81,24,10,0),(72,72,8929200,20,0,12,11,34,0,23,21,820,246,5,2,82,24,10,0),(73,73,8943800,20,0,12,11,34,0,23,21,830,249,5,2,83,24,10,0),(74,74,8958600,20,0,12,11,34,0,23,21,840,252,5,2,84,25,10,0),(75,75,8973600,20,0,12,11,34,0,23,21,850,255,5,2,85,25,10,0),(76,76,8988800,20,0,12,11,35,0,24,22,860,258,5,2,86,25,10,0),(77,77,9004200,21,0,13,12,35,0,24,22,870,261,5,2,87,26,10,0),(78,78,9019800,21,0,13,12,35,0,24,22,880,264,5,2,88,26,10,0),(79,79,9035600,21,0,13,12,35,0,24,22,890,267,5,2,89,26,10,0),(80,80,17032100,21,0,13,12,36,0,25,23,900,270,5,2,90,27,10,0),(81,81,17048300,21,0,13,12,36,0,25,23,910,273,5,2,91,27,10,0),(82,82,17064700,21,0,13,12,36,0,25,23,920,276,5,2,92,27,10,0),(83,83,17081300,21,0,13,12,36,0,25,23,930,279,5,2,93,27,10,0),(84,84,17098100,22,0,14,13,37,0,26,24,940,282,5,2,94,28,10,0),(85,85,17115100,22,0,14,13,37,0,26,24,950,285,5,2,95,28,10,0),(86,86,17132300,22,0,14,13,37,0,26,24,960,288,5,2,96,28,10,0),(87,87,17149700,22,0,14,13,37,0,26,24,970,291,5,2,97,29,10,0),(88,88,17167300,22,0,14,13,38,0,27,25,980,294,5,2,98,29,10,0),(89,89,17185100,22,0,14,13,38,0,27,25,990,297,5,2,99,29,10,0),(90,90,30343600,22,0,14,13,38,0,27,25,1000,300,5,2,100,30,10,0),(91,91,30361800,23,0,15,14,38,0,27,25,1010,303,5,2,101,30,10,0),(92,92,30380200,23,0,15,14,39,0,28,26,1020,306,5,2,102,30,10,0),(93,93,30398800,23,0,15,14,39,0,28,26,1030,309,5,2,103,30,10,0),(94,94,30417600,23,0,15,14,39,0,28,26,1040,312,5,2,104,31,10,0),(95,95,30436600,23,0,15,14,39,0,28,26,1050,315,5,2,105,31,10,0),(96,96,30455800,23,0,15,14,40,0,29,27,1060,318,5,2,106,31,10,0),(97,97,30475200,23,0,15,14,40,0,29,27,1070,321,5,2,107,32,10,0),(98,98,30494800,24,0,16,15,40,0,29,27,1080,324,5,2,108,32,10,0),(99,99,30514600,24,0,16,15,40,0,29,27,1090,327,5,2,109,32,10,0),(100,100,51010100,24,0,16,15,41,0,30,28,1100,330,5,2,110,33,10,0);
/*!40000 ALTER TABLE `po_lv_config` ENABLE KEYS */;
UNLOCK TABLES;

--
-- Table structure for table `po_monster`
--

DROP TABLE IF EXISTS `po_monster`;
/*!40101 SET @saved_cs_client     = @@character_set_client */;
/*!40101 SET character_set_client = utf8 */;
CREATE TABLE `po_monster` (
  `id` int(10) unsigned NOT NULL AUTO_INCREMENT,
  `name` varchar(255) DEFAULT NULL COMMENT '名称无备注',
  `model` int(11) DEFAULT NULL COMMENT '模型无备注',
  `weapon_type` int(11) DEFAULT NULL COMMENT '武器类型无备注',
  `weapon_effect` int(11) DEFAULT NULL COMMENT '武器效果无备注',
  `skills` varchar(255) DEFAULT NULL COMMENT '技能无备注',
  `item_drop` varchar(255) DEFAULT NULL,
  `lv` int(11) DEFAULT NULL,
  `bat_melee_attack_min` int(11) DEFAULT NULL,
  `bat_magic_attack_min` int(11) DEFAULT NULL,
  `bat_melee_defence_min` int(11) DEFAULT NULL,
  `bat_magic_defence_min` int(11) DEFAULT NULL,
  `bat_melee_attack_max` int(11) DEFAULT NULL,
  `bat_magic_attack_max` int(11) DEFAULT NULL,
  `bat_melee_defence_max` int(11) DEFAULT NULL,
  `bat_magic_defence_max` int(11) DEFAULT NULL,
  `bat_hp` int(11) DEFAULT NULL,
  `bat_mp` int(11) DEFAULT NULL,
  `bat_critical` int(11) DEFAULT NULL,
  `bat_dodge` int(11) DEFAULT NULL,
  `bat_hp_reg` int(11) DEFAULT NULL,
  `bat_mp_reg` int(11) DEFAULT NULL,
  `bat_movement` int(11) DEFAULT NULL,
  `bat_lucky` int(11) DEFAULT NULL,
  `exp` int(11) DEFAULT NULL,
  PRIMARY KEY (`id`)
) ENGINE=InnoDB AUTO_INCREMENT=4 DEFAULT CHARSET=utf8;
/*!40101 SET character_set_client = @saved_cs_client */;

--
-- Dumping data for table `po_monster`
--

LOCK TABLES `po_monster` WRITE;
/*!40000 ALTER TABLE `po_monster` DISABLE KEYS */;
INSERT INTO `po_monster` VALUES (1,'灰熊',951045,1,1,'110005,110001','4|90,5|10,6|10',3,2,0,2,1,4,0,5,3,300,30,5,2,10,3,10,0,100),(2,'野猪',951046,1,1,'110005,110002',NULL,6,6,0,2,1,9,0,6,4,500,48,5,2,16,4,10,0,500),(3,'天魔兽',951044,1,1,'110005,110004,110003,110002,110001',NULL,15,15,0,7,6,30,0,15,13,1500,150,5,2,50,15,10,0,3000);
/*!40000 ALTER TABLE `po_monster` ENABLE KEYS */;
UNLOCK TABLES;

--
-- Table structure for table `po_monster_fresh`
--

DROP TABLE IF EXISTS `po_monster_fresh`;
/*!40101 SET @saved_cs_client     = @@character_set_client */;
/*!40101 SET character_set_client = utf8 */;
CREATE TABLE `po_monster_fresh` (
  `id` int(10) unsigned NOT NULL AUTO_INCREMENT,
  `scene_id` int(11) DEFAULT NULL COMMENT '地图场景编号无备注',
  `monster_id` int(11) DEFAULT NULL COMMENT '怪物编号无备注',
  `fresh_seconds` int(11) DEFAULT NULL COMMENT '怪物刷新间隔秒无备注',
  `x` int(11) DEFAULT NULL,
  `y` int(11) DEFAULT NULL,
  `z` int(11) DEFAULT NULL,
  PRIMARY KEY (`id`)
) ENGINE=InnoDB AUTO_INCREMENT=5 DEFAULT CHARSET=utf8;
/*!40101 SET character_set_client = @saved_cs_client */;

--
-- Dumping data for table `po_monster_fresh`
--

LOCK TABLES `po_monster_fresh` WRITE;
/*!40000 ALTER TABLE `po_monster_fresh` DISABLE KEYS */;
INSERT INTO `po_monster_fresh` VALUES (1,1001,1,2,443523,202419,136174),(2,1001,2,5,329953,188005,168183),(3,1001,2,5,328805,263878,172994),(4,1001,3,60,168992,374658,152973);
/*!40000 ALTER TABLE `po_monster_fresh` ENABLE KEYS */;
UNLOCK TABLES;

--
-- Table structure for table `po_npc`
--

DROP TABLE IF EXISTS `po_npc`;
/*!40101 SET @saved_cs_client     = @@character_set_client */;
/*!40101 SET character_set_client = utf8 */;
CREATE TABLE `po_npc` (
  `id` int(10) unsigned NOT NULL AUTO_INCREMENT,
  `scene_id` int(11) DEFAULT NULL COMMENT '地图场景编号无备注',
  `name` varchar(255) DEFAULT NULL COMMENT '名称无备注',
  `model` int(11) DEFAULT NULL COMMENT '模型编号无备注',
  `x` int(11) DEFAULT NULL COMMENT '坐标x无备注',
  `y` int(11) DEFAULT NULL COMMENT '坐标y无备注',
  `head_img` int(11) DEFAULT NULL COMMENT '头像无备注',
  `default_chat` varchar(255) DEFAULT NULL COMMENT '默认对话无备注',
  PRIMARY KEY (`id`)
) ENGINE=InnoDB AUTO_INCREMENT=2 DEFAULT CHARSET=utf8;
/*!40101 SET character_set_client = @saved_cs_client */;

--
-- Dumping data for table `po_npc`
--

LOCK TABLES `po_npc` WRITE;
/*!40000 ALTER TABLE `po_npc` DISABLE KEYS */;
INSERT INTO `po_npc` VALUES (1,1000,'灵儿',941060,670,300,943131,'大侠，欢迎来到金庸群侠传的世界！');
/*!40000 ALTER TABLE `po_npc` ENABLE KEYS */;
UNLOCK TABLES;

--
-- Table structure for table `po_scene`
--

DROP TABLE IF EXISTS `po_scene`;
/*!40101 SET @saved_cs_client     = @@character_set_client */;
/*!40101 SET character_set_client = utf8 */;
CREATE TABLE `po_scene` (
  `id` int(10) unsigned NOT NULL AUTO_INCREMENT,
  `name` varchar(255) DEFAULT NULL COMMENT '无备注',
  PRIMARY KEY (`id`)
) ENGINE=InnoDB AUTO_INCREMENT=1006 DEFAULT CHARSET=utf8;
/*!40101 SET character_set_client = @saved_cs_client */;

--
-- Dumping data for table `po_scene`
--

LOCK TABLES `po_scene` WRITE;
/*!40000 ALTER TABLE `po_scene` DISABLE KEYS */;
INSERT INTO `po_scene` VALUES (1000,'小屋'),(1001,'街坊'),(1002,'后院'),(1003,'决斗比武场'),(1004,'船坞'),(1005,'大漠');
/*!40000 ALTER TABLE `po_scene` ENABLE KEYS */;
UNLOCK TABLES;

--
-- Table structure for table `po_skill`
--

DROP TABLE IF EXISTS `po_skill`;
/*!40101 SET @saved_cs_client     = @@character_set_client */;
/*!40101 SET character_set_client = utf8 */;
CREATE TABLE `po_skill` (
  `id` int(10) unsigned NOT NULL AUTO_INCREMENT,
  `skill_effect_exp` varchar(255) DEFAULT NULL COMMENT '技能效果暂无',
  `hp_cost_valexp` varchar(255) DEFAULT NULL COMMENT '生命消耗值表达式',
  `mp_cost_valexp` varchar(255) DEFAULT NULL COMMENT '法力消耗值表达式',
  `skill_type` int(11) DEFAULT NULL COMMENT '技能类型1,主动技能',
  `model_motion` varchar(255) DEFAULT NULL COMMENT '模型动作无',
  `icon` varchar(255) DEFAULT NULL COMMENT '图标无',
  `skill_group` int(11) DEFAULT NULL COMMENT '公共组编号无',
  `name` varchar(255) DEFAULT NULL COMMENT '名称无',
  `skill_effect_self_exp` varchar(255) DEFAULT NULL COMMENT '对施法者自己的技能效果暂无',
  `skill_target_exp` varchar(255) DEFAULT NULL COMMENT '技能目标选择表达式 脚本<角色集合>',
  `sound_trig` varchar(255) DEFAULT NULL COMMENT '音效-触发无',
  `sound_hit` varchar(255) DEFAULT NULL COMMENT '音效-命中无',
  `cd_valexp` varchar(255) DEFAULT NULL COMMENT 'CD毫秒值表达式',
  `visuals_trig` varchar(255) DEFAULT NULL COMMENT '视觉特效-触发无',
  `skill_range` int(11) DEFAULT NULL COMMENT '施法距离无',
  `visuals_hit` varchar(255) DEFAULT NULL COMMENT '视觉特效-命中无',
  `skill_check_group` int(11) DEFAULT NULL,
  `skill_affact` int(11) DEFAULT NULL,
  PRIMARY KEY (`id`)
) ENGINE=InnoDB AUTO_INCREMENT=110006 DEFAULT CHARSET=utf8;
/*!40101 SET character_set_client = @saved_cs_client */;

--
-- Dumping data for table `po_skill`
--

LOCK TABLES `po_skill` WRITE;
/*!40000 ALTER TABLE `po_skill` DISABLE KEYS */;
INSERT INTO `po_skill` VALUES (110001,'target.callHpChange(self,(-4)*(self.callReadMeleeAttack()*(1-target.callReadMeleeDefence()/(target.callReadMeleeDefence()+100))));target.callAddBuff(self,2)',NULL,'self.callReadLv()',1,'atk1',NULL,1,'英勇打击',NULL,'self.findFanTargets(4,1,120,90)','skill_110001','skill_110001_hit','8000','10001',90,'10003',4,2),(110002,'target.callHpChange(self,(-2)*(self.callReadMeleeAttack()*(1-target.callReadMeleeDefence()/(target.callReadMeleeDefence()+100))))',NULL,'self.callReadLv()',1,'atk2',NULL,1,'半月斩',NULL,'self.findFanTargets(4,5,360,90)','skill_110002','skill_110002_hit','5000','10002',90,'10003',0,2),(110003,NULL,NULL,'self.callReadLv()',1,'atk1',NULL,1,'英勇打击','self.callHpChange(self,2*self.callReadMeleeAttack())','self.findFanTargets(1,1,120,90)','skill_110003',NULL,'3000','10001',90,NULL,0,1),(110004,'target.callHpChange(self,1*self.callReadMeleeAttack())',NULL,'self.callReadLv()',1,'atk2',NULL,1,'半月斩','self.callAddBuff(self,1)','self.findFanTargets(2,5,360,90)','skill_110004',NULL,'8000','10002',90,NULL,0,1),(110005,'target.callHpChange(self,(-2)*(self.callReadMeleeAttack()*(1-target.callReadMeleeDefence()/(target.callReadMeleeDefence()+100))))',NULL,'self.callReadLv()*0',1,'atk1',NULL,1,'平砍',NULL,'self.findFanTargets(4,1,120,90)','skill_110001','skill_110001_hit','1200','10001',90,'10003',4,2);
/*!40000 ALTER TABLE `po_skill` ENABLE KEYS */;
UNLOCK TABLES;

--
-- Table structure for table `po_visual`
--

DROP TABLE IF EXISTS `po_visual`;
/*!40101 SET @saved_cs_client     = @@character_set_client */;
/*!40101 SET character_set_client = utf8 */;
CREATE TABLE `po_visual` (
  `id` int(10) unsigned NOT NULL AUTO_INCREMENT,
  `bone_path` varchar(255) DEFAULT NULL COMMENT '模型骨骼路径无',
  `name` varchar(255) DEFAULT NULL COMMENT '效果名称无',
  `profab` varchar(255) DEFAULT NULL COMMENT 'profab名字无',
  `move_way` int(11) DEFAULT NULL COMMENT '移动方式1=原地2=跟随骨骼',
  PRIMARY KEY (`id`)
) ENGINE=InnoDB AUTO_INCREMENT=10004 DEFAULT CHARSET=utf8;
/*!40101 SET character_set_client = @saved_cs_client */;

--
-- Dumping data for table `po_visual`
--

LOCK TABLES `po_visual` WRITE;
/*!40000 ALTER TABLE `po_visual` DISABLE KEYS */;
INSERT INTO `po_visual` VALUES (10001,'HR',NULL,'942003_attack1',2),(10002,'S',NULL,'942003_attack2',2),(10003,'S',NULL,'DamagePrefab',2);
/*!40000 ALTER TABLE `po_visual` ENABLE KEYS */;
UNLOCK TABLES;

--
-- Table structure for table `u_po_equip`
--

DROP TABLE IF EXISTS `u_po_equip`;
/*!40101 SET @saved_cs_client     = @@character_set_client */;
/*!40101 SET character_set_client = utf8 */;
CREATE TABLE `u_po_equip` (
  `id` int(10) unsigned NOT NULL AUTO_INCREMENT,
  `item_id` int(11) DEFAULT NULL COMMENT '装备ID无备注',
  `bind_status` int(11) DEFAULT NULL COMMENT '账号密码无备注',
  PRIMARY KEY (`id`)
) ENGINE=InnoDB AUTO_INCREMENT=4444 DEFAULT CHARSET=utf8;
/*!40101 SET character_set_client = @saved_cs_client */;

--
-- Dumping data for table `u_po_equip`
--

LOCK TABLES `u_po_equip` WRITE;
/*!40000 ALTER TABLE `u_po_equip` DISABLE KEYS */;
INSERT INTO `u_po_equip` VALUES (1,1,1),(2,2,1),(3,3,1),(4,1,1),(5,2,1),(6,3,1),(7,1,1),(8,2,1),(9,3,1),(10,1,1),(11,2,1),(12,3,1),(13,1,1),(14,2,1),(15,3,1),(16,1,1),(17,2,1),(18,3,1),(19,1,1),(20,2,1),(21,3,1),(22,1,1),(23,2,1),(24,3,1),(25,1,1),(26,2,1),(27,3,1),(28,1,1),(29,2,1),(30,3,1),(31,1,1),(32,2,1),(33,3,1),(34,1,1),(35,2,1),(36,3,1),(37,1,1),(38,2,1),(39,3,1),(40,1,1),(41,2,1),(42,3,1),(43,1,1),(44,2,1),(45,3,1),(46,1,1),(47,2,1),(48,3,1),(49,1,1),(50,2,1),(51,3,1),(52,1,1),(53,2,1),(54,3,1),(55,1,1),(56,2,1),(57,3,1),(58,1,1),(59,2,1),(60,3,1),(61,1,1),(62,2,1),(63,3,1),(64,1,1),(65,2,1),(66,3,1),(67,1,1),(68,2,1),(69,3,1),(70,1,1),(71,2,1),(72,3,1),(73,1,1),(74,2,1),(75,3,1),(76,1,1),(77,2,1),(78,3,1),(79,1,1),(80,2,1),(81,3,1),(82,1,1),(83,2,1),(84,3,1),(85,1,1),(86,2,1),(87,3,1),(88,1,1),(89,2,1),(90,3,1),(91,1,1),(92,2,1),(93,3,1),(94,1,1),(95,2,1),(96,3,1),(97,1,1),(98,2,1),(99,3,1),(100,1,1),(101,2,1),(102,3,1),(103,1,1),(104,2,1),(105,3,1),(106,1,1),(107,2,1),(108,3,1),(109,1,1),(110,2,1),(111,3,1),(112,1,1),(113,2,1),(114,3,1),(115,1,1),(116,2,1),(117,3,1),(118,1,1),(119,2,1),(120,3,1),(121,1,1),(122,2,1),(123,3,1),(124,1,1),(125,2,1),(126,3,1),(127,1,1),(128,2,1),(129,3,1),(130,1,1),(131,2,1),(132,3,1),(133,1,1),(134,2,1),(135,3,1),(136,1,1),(137,2,1),(138,3,1),(139,1,1),(140,2,1),(141,3,1),(142,1,1),(143,2,1),(144,3,1),(145,1,1),(146,2,1),(147,3,1),(148,1,1),(149,2,1),(150,3,1),(151,1,1),(152,2,1),(153,3,1),(154,1,1),(155,2,1),(156,3,1),(157,1,1),(158,2,1),(159,3,1),(160,1,1),(161,2,1),(162,3,1),(163,1,1),(164,2,1),(165,3,1),(166,1,1),(167,2,1),(168,3,1),(169,1,1),(170,2,1),(171,3,1),(172,1,1),(173,2,1),(174,3,1),(175,1,1),(176,2,1),(177,3,1),(178,1,1),(179,2,1),(180,3,1),(181,1,1),(182,2,1),(183,3,1),(184,1,1),(185,2,1),(186,3,1),(187,1,1),(188,2,1),(189,3,1),(190,1,1),(191,2,1),(192,3,1),(193,1,1),(194,2,1),(195,3,1),(196,1,1),(197,2,1),(198,3,1),(199,1,1),(200,2,1),(201,3,1),(202,1,1),(203,2,1),(204,3,1),(205,1,1),(206,2,1),(207,3,1),(208,1,1),(209,2,1),(210,3,1),(211,1,1),(212,2,1),(213,3,1),(214,1,1),(215,2,1),(216,3,1),(217,1,1),(218,2,1),(219,3,1),(220,1,1),(221,2,1),(222,3,1),(223,1,1),(224,2,1),(225,3,1),(226,1,1),(227,2,1),(228,3,1),(229,1,1),(230,2,1),(231,3,1),(232,1,1),(233,2,1),(234,3,1),(235,1,1),(236,2,1),(237,3,1),(238,1,1),(239,2,1),(240,3,1),(241,1,1),(242,2,1),(243,3,1),(244,1,1),(245,2,1),(246,3,1),(247,1,1),(248,2,1),(249,3,1),(250,1,1),(251,2,1),(252,3,1),(253,1,1),(254,2,1),(255,3,1),(256,1,1),(257,2,1),(258,3,1),(259,1,1),(260,2,1),(261,3,1),(262,1,1),(263,2,1),(264,3,1),(265,1,1),(266,2,1),(267,3,1),(268,1,1),(269,2,1),(270,3,1),(271,1,1),(272,2,1),(273,3,1),(274,1,1),(275,2,1),(276,3,1),(277,1,1),(278,2,1),(279,3,1),(280,1,1),(281,2,1),(282,3,1),(283,1,1),(284,2,1),(285,3,1),(286,1,1),(287,2,1),(288,3,1),(289,1,1),(290,2,1),(291,3,1),(292,1,1),(293,2,1),(294,3,1),(295,1,1),(296,2,1),(297,3,1),(298,1,1),(299,2,1),(300,3,1),(301,1,1),(302,2,1),(303,3,1),(304,1,1),(305,2,1),(306,3,1),(307,1,1),(308,2,1),(309,3,1),(310,1,1),(311,2,1),(312,3,1),(313,1,1),(314,2,1),(315,3,1),(316,1,1),(317,2,1),(318,3,1),(319,1,1),(320,2,1),(321,3,1),(322,1,1),(323,2,1),(324,3,1),(325,1,1),(326,2,1),(327,3,1),(328,1,1),(329,2,1),(330,3,1),(331,1,1),(332,2,1),(333,3,1),(334,1,1),(335,2,1),(336,3,1),(337,1,1),(338,2,1),(339,3,1),(340,1,1),(341,2,1),(342,3,1),(343,1,1),(344,2,1),(345,3,1),(346,1,1),(347,2,1),(348,3,1),(349,1,1),(350,2,1),(351,3,1),(352,1,1),(353,2,1),(354,3,1),(355,1,1),(356,2,1),(357,3,1),(358,1,1),(359,2,1),(360,3,1),(361,1,1),(362,2,1),(363,3,1),(364,1,1),(365,2,1),(366,3,1),(367,1,1),(368,2,1),(369,3,1),(370,1,1),(371,2,1),(372,3,1),(373,1,1),(374,2,1),(375,3,1),(376,1,1),(377,2,1),(378,3,1),(379,1,1),(380,2,1),(381,3,1),(382,1,1),(383,2,1),(384,3,1),(385,1,1),(386,2,1),(387,3,1),(388,1,1),(389,2,1),(390,3,1),(391,1,1),(392,2,1),(393,3,1),(394,1,1),(395,2,1),(396,3,1),(397,1,1),(398,2,1),(399,3,1),(400,1,1),(401,2,1),(402,3,1),(403,1,1),(404,2,1),(405,3,1),(406,1,1),(407,2,1),(408,3,1),(409,1,1),(410,2,1),(411,3,1),(412,1,1),(413,2,1),(414,3,1),(415,1,1),(416,2,1),(417,3,1),(418,1,1),(419,2,1),(420,3,1),(421,1,1),(422,2,1),(423,3,1),(424,1,1),(425,2,1),(426,3,1),(427,1,1),(428,2,1),(429,3,1),(430,1,1),(431,2,1),(432,3,1),(433,1,1),(434,2,1),(435,3,1),(436,1,1),(437,2,1),(438,3,1),(439,1,1),(440,2,1),(441,3,1),(442,1,1),(443,2,1),(444,3,1),(445,1,1),(446,2,1),(447,3,1),(448,1,1),(449,2,1),(450,3,1),(451,1,1),(452,2,1),(453,3,1),(454,1,1),(455,2,1),(456,3,1),(457,1,1),(458,2,1),(459,3,1),(460,1,1),(461,2,1),(462,3,1),(463,1,1),(464,2,1),(465,3,1),(466,1,1),(467,2,1),(468,3,1),(469,1,1),(470,2,1),(471,3,1),(472,1,1),(473,2,1),(474,3,1),(475,1,1),(476,2,1),(477,3,1),(478,1,1),(479,2,1),(480,3,1),(481,1,1),(482,2,1),(483,3,1),(484,1,1),(485,2,1),(486,3,1),(487,1,1),(488,2,1),(489,3,1),(490,1,1),(491,2,1),(492,3,1),(493,1,1),(494,2,1),(495,3,1),(496,1,1),(497,2,1),(498,3,1),(499,1,1),(500,2,1),(501,3,1),(502,1,1),(503,2,1),(504,3,1),(505,1,1),(506,2,1),(507,3,1),(508,1,1),(509,2,1),(510,3,1),(511,1,1),(512,2,1),(513,3,1),(514,1,1),(515,2,1),(516,3,1),(517,1,1),(518,2,1),(519,3,1),(520,1,1),(521,2,1),(522,3,1),(523,1,1),(524,2,1),(525,3,1),(526,1,1),(527,2,1),(528,3,1),(529,1,1),(530,2,1),(531,3,1),(532,1,1),(533,2,1),(534,3,1),(535,1,1),(536,2,1),(537,3,1),(538,1,1),(539,2,1),(540,3,1),(541,1,1),(542,2,1),(543,3,1),(544,1,1),(545,2,1),(546,3,1),(547,1,1),(548,2,1),(549,3,1),(550,1,1),(551,2,1),(552,3,1),(553,1,1),(554,2,1),(555,3,1),(556,1,1),(557,2,1),(558,3,1),(559,1,1),(560,2,1),(561,3,1),(562,1,1),(563,2,1),(564,3,1),(565,1,1),(566,2,1),(567,3,1),(568,1,1),(569,2,1),(570,3,1),(571,1,1),(572,2,1),(573,3,1),(574,1,1),(575,2,1),(576,3,1),(577,1,1),(578,2,1),(579,3,1),(580,1,1),(581,2,1),(582,3,1),(583,1,1),(584,2,1),(585,3,1),(586,1,1),(587,2,1),(588,3,1),(589,1,1),(590,2,1),(591,3,1),(592,1,1),(593,2,1),(594,3,1),(595,1,1),(596,2,1),(597,3,1),(598,1,1),(599,2,1),(600,3,1),(601,1,1),(602,2,1),(603,3,1),(604,1,1),(605,2,1),(606,3,1),(607,1,1),(608,2,1),(609,3,1),(610,1,1),(611,2,1),(612,3,1),(613,1,1),(614,2,1),(615,3,1),(616,1,1),(617,2,1),(618,3,1),(619,1,1),(620,2,1),(621,3,1),(622,1,1),(623,2,1),(624,3,1),(625,1,1),(626,2,1),(627,3,1),(628,1,1),(629,2,1),(630,3,1),(631,1,1),(632,2,1),(633,3,1),(634,1,1),(635,2,1),(636,3,1),(637,1,1),(638,2,1),(639,3,1),(640,1,1),(641,2,1),(642,3,1),(643,1,1),(644,2,1),(645,3,1),(646,1,1),(647,2,1),(648,3,1),(649,1,1),(650,2,1),(651,3,1),(652,1,1),(653,2,1),(654,3,1),(655,1,1),(656,2,1),(657,3,1),(658,1,1),(659,2,1),(660,3,1),(661,1,1),(662,2,1),(663,3,1),(664,1,1),(665,2,1),(666,3,1),(667,1,1),(668,2,1),(669,3,1),(670,1,1),(671,2,1),(672,3,1),(673,1,1),(674,2,1),(675,3,1),(676,1,1),(677,2,1),(678,3,1),(679,1,1),(680,2,1),(681,3,1),(682,1,1),(683,2,1),(684,3,1),(685,4,1),(686,1,1),(687,2,1),(688,3,1),(689,6,1),(690,6,1),(691,1,1),(692,2,1),(693,3,1),(694,1,1),(695,2,1),(696,3,1),(697,1,1),(698,2,1),(699,3,1),(700,1,1),(701,2,1),(702,3,1),(703,1,1),(704,2,1),(705,3,1),(706,1,1),(707,2,1),(708,3,1),(709,1,1),(710,2,1),(711,3,1),(712,1,1),(713,2,1),(714,3,1),(715,1,1),(716,2,1),(717,3,1),(718,1,1),(719,2,1),(720,3,1),(721,1,1),(722,2,1),(723,3,1),(724,1,1),(725,2,1),(726,3,1),(727,1,1),(728,2,1),(729,3,1),(730,1,1),(731,2,1),(732,3,1),(733,1,1),(734,2,1),(735,3,1),(736,1,1),(737,2,1),(738,3,1),(739,1,1),(740,2,1),(741,3,1),(742,1,1),(743,2,1),(744,3,1),(745,1,1),(746,2,1),(747,3,1),(748,1,1),(749,2,1),(750,3,1),(751,1,1),(752,2,1),(753,3,1),(754,1,1),(755,2,1),(756,3,1),(757,1,1),(758,2,1),(759,3,1),(760,1,1),(761,2,1),(762,3,1),(763,1,1),(764,2,1),(765,3,1),(766,1,1),(767,2,1),(768,3,1),(769,1,1),(770,2,1),(771,3,1),(772,1,1),(773,2,1),(774,3,1),(775,1,1),(776,2,1),(777,3,1),(778,1,1),(779,2,1),(780,3,1),(781,1,1),(782,2,1),(783,3,1),(784,1,1),(785,2,1),(786,3,1),(787,1,1),(788,2,1),(789,3,1),(790,1,1),(791,2,1),(792,3,1),(793,1,1),(794,2,1),(795,3,1),(796,1,1),(797,2,1),(798,3,1),(799,1,1),(800,2,1),(801,3,1),(802,1,1),(803,2,1),(804,3,1),(805,1,1),(806,2,1),(807,3,1),(808,1,1),(809,2,1),(810,3,1),(811,1,1),(812,2,1),(813,3,1),(814,1,1),(815,2,1),(816,3,1),(817,1,1),(818,2,1),(819,3,1),(820,1,1),(821,2,1),(822,3,1),(823,1,1),(824,2,1),(825,3,1),(826,1,1),(827,2,1),(828,3,1),(829,1,1),(830,2,1),(831,3,1),(832,1,1),(833,2,1),(834,3,1),(835,1,1),(836,2,1),(837,3,1),(838,1,1),(839,2,1),(840,3,1),(841,1,1),(842,2,1),(843,3,1),(844,1,1),(845,2,1),(846,3,1),(847,1,1),(848,2,1),(849,3,1),(850,1,1),(851,2,1),(852,3,1),(853,1,1),(854,2,1),(855,3,1),(856,1,1),(857,2,1),(858,3,1),(859,1,1),(860,2,1),(861,3,1),(862,1,1),(863,2,1),(864,3,1),(865,1,1),(866,2,1),(867,3,1),(868,4,1),(869,1,1),(870,2,1),(871,3,1),(872,1,1),(873,2,1),(874,3,1),(875,1,1),(876,2,1),(877,3,1),(878,1,1),(879,2,1),(880,3,1),(881,1,1),(882,2,1),(883,3,1),(884,4,1),(885,1,1),(886,2,1),(887,3,1),(888,1,1),(889,2,1),(890,3,1),(891,1,1),(892,2,1),(893,3,1),(894,1,1),(895,2,1),(896,3,1),(897,1,1),(898,2,1),(899,3,1),(900,4,1),(901,1,1),(902,2,1),(903,3,1),(904,1,1),(905,2,1),(906,3,1),(907,5,1),(908,1,1),(909,2,1),(910,3,1),(911,1,1),(912,2,1),(913,3,1),(914,4,1),(915,1,1),(916,2,1),(917,3,1),(918,1,1),(919,2,1),(920,3,1),(921,1,1),(922,2,1),(923,3,1),(924,1,1),(925,2,1),(926,3,1),(927,1,1),(928,2,1),(929,3,1),(930,1,1),(931,2,1),(932,3,1),(933,5,1),(934,7,1),(935,11,1),(936,1,1),(937,2,1),(938,3,1),(939,1,1),(940,2,1),(941,3,1),(942,1,1),(943,2,1),(944,3,1),(945,4,1),(946,1,1),(947,2,1),(948,3,1),(949,1,1),(950,2,1),(951,3,1),(952,1,1),(953,2,1),(954,3,1),(955,1,1),(956,2,1),(957,3,1),(958,1,1),(959,2,1),(960,3,1),(961,1,1),(962,2,1),(963,3,1),(964,1,1),(965,2,1),(966,3,1),(967,1,1),(968,2,1),(969,3,1),(970,1,1),(971,2,1),(972,3,1),(973,1,1),(974,2,1),(975,3,1),(976,1,1),(977,2,1),(978,3,1),(979,1,1),(980,2,1),(981,3,1),(982,1,1),(983,2,1),(984,3,1),(985,1,1),(986,2,1),(987,3,1),(988,1,1),(989,2,1),(990,3,1),(991,1,1),(992,2,1),(993,3,1),(994,1,1),(995,2,1),(996,3,1),(997,1,1),(998,2,1),(999,3,1),(1000,1,1),(1001,2,1),(1002,3,1),(1003,1,1),(1004,2,1),(1005,3,1),(1006,1,1),(1007,2,1),(1008,3,1),(1009,1,1),(1010,2,1),(1011,3,1),(1012,1,1),(1013,2,1),(1014,3,1),(1015,1,1),(1016,2,1),(1017,3,1),(1018,1,1),(1019,2,1),(1020,3,1),(1021,1,1),(1022,2,1),(1023,3,1),(1024,1,1),(1025,2,1),(1026,3,1),(1027,1,1),(1028,2,1),(1029,3,1),(1030,1,1),(1031,2,1),(1032,3,1),(1033,1,1),(1034,2,1),(1035,3,1),(1036,1,1),(1037,2,1),(1038,3,1),(1039,1,1),(1040,2,1),(1041,3,1),(1042,1,1),(1043,2,1),(1044,3,1),(1045,1,1),(1046,2,1),(1047,3,1),(1048,1,1),(1049,2,1),(1050,3,1),(1051,1,1),(1052,2,1),(1053,3,1),(1054,1,1),(1055,2,1),(1056,3,1),(1057,1,1),(1058,2,1),(1059,3,1),(1060,1,1),(1061,2,1),(1062,3,1),(1063,1,1),(1064,2,1),(1065,3,1),(1066,1,1),(1067,2,1),(1068,3,1),(1069,1,1),(1070,2,1),(1071,3,1),(1072,1,1),(1073,2,1),(1074,3,1),(1075,1,1),(1076,2,1),(1077,3,1),(1078,1,1),(1079,2,1),(1080,3,1),(1081,1,1),(1082,2,1),(1083,3,1),(1084,1,1),(1085,2,1),(1086,3,1),(1087,1,1),(1088,2,1),(1089,3,1),(1090,1,1),(1091,2,1),(1092,3,1),(1093,1,1),(1094,2,1),(1095,3,1),(1096,1,1),(1097,2,1),(1098,3,1),(1099,1,1),(1100,2,1),(1101,3,1),(1102,1,1),(1103,2,1),(1104,3,1),(1105,1,1),(1106,2,1),(1107,3,1),(1108,1,1),(1109,2,1),(1110,3,1),(1111,1,1),(1112,2,1),(1113,3,1),(1114,1,1),(1115,2,1),(1116,3,1),(1117,1,1),(1118,2,1),(1119,3,1),(1120,1,1),(1121,2,1),(1122,3,1),(1123,1,1),(1124,2,1),(1125,3,1),(1126,1,1),(1127,2,1),(1128,3,1),(1129,1,1),(1130,2,1),(1131,3,1),(1132,1,1),(1133,2,1),(1134,3,1),(1135,1,1),(1136,2,1),(1137,3,1),(1138,1,1),(1139,2,1),(1140,3,1),(1141,1,1),(1142,2,1),(1143,3,1),(1144,1,1),(1145,2,1),(1146,3,1),(1147,1,1),(1148,2,1),(1149,3,1),(1150,1,1),(1151,2,1),(1152,3,1),(1153,1,1),(1154,2,1),(1155,3,1),(1156,1,1),(1157,2,1),(1158,3,1),(1159,1,1),(1160,2,1),(1161,3,1),(1162,1,1),(1163,2,1),(1164,3,1),(1165,1,1),(1166,2,1),(1167,3,1),(1168,1,1),(1169,2,1),(1170,3,1),(1171,1,1),(1172,2,1),(1173,3,1),(1174,1,1),(1175,2,1),(1176,3,1),(1177,1,1),(1178,2,1),(1179,3,1),(1180,1,1),(1181,2,1),(1182,3,1),(1183,1,1),(1184,2,1),(1185,3,1),(1186,1,1),(1187,2,1),(1188,3,1),(1189,1,1),(1190,2,1),(1191,3,1),(1192,1,1),(1193,2,1),(1194,3,1),(1195,1,1),(1196,2,1),(1197,3,1),(1198,1,1),(1199,2,1),(1200,3,1),(1201,1,1),(1202,2,1),(1203,3,1),(1204,1,1),(1205,2,1),(1206,3,1),(1207,1,1),(1208,2,1),(1209,3,1),(1210,1,1),(1211,2,1),(1212,3,1),(1213,1,1),(1214,2,1),(1215,3,1),(1216,1,1),(1217,2,1),(1218,3,1),(1219,1,1),(1220,2,1),(1221,3,1),(1222,1,1),(1223,2,1),(1224,3,1),(1225,1,1),(1226,2,1),(1227,3,1),(1228,1,1),(1229,2,1),(1230,3,1),(1231,1,1),(1232,2,1),(1233,3,1),(1234,1,1),(1235,2,1),(1236,3,1),(1237,1,1),(1238,2,1),(1239,3,1),(1240,1,1),(1241,2,1),(1242,3,1),(1243,1,1),(1244,2,1),(1245,3,1),(1246,1,1),(1247,2,1),(1248,3,1),(1249,1,1),(1250,2,1),(1251,3,1),(1252,1,1),(1253,2,1),(1254,3,1),(1255,1,1),(1256,2,1),(1257,3,1),(1258,1,1),(1259,2,1),(1260,3,1),(1261,1,1),(1262,2,1),(1263,3,1),(1264,1,1),(1265,2,1),(1266,3,1),(1267,1,1),(1268,2,1),(1269,3,1),(1270,1,1),(1271,2,1),(1272,3,1),(1273,1,1),(1274,2,1),(1275,3,1),(1276,1,1),(1277,2,1),(1278,3,1),(1279,1,1),(1280,2,1),(1281,3,1),(1282,1,1),(1283,2,1),(1284,3,1),(1285,1,1),(1286,2,1),(1287,3,1),(1288,1,1),(1289,2,1),(1290,3,1),(1291,1,1),(1292,2,1),(1293,3,1),(1294,1,1),(1295,2,1),(1296,3,1),(1297,1,1),(1298,2,1),(1299,3,1),(1300,1,1),(1301,2,1),(1302,3,1),(1303,1,1),(1304,2,1),(1305,3,1),(1306,1,1),(1307,2,1),(1308,3,1),(1309,1,1),(1310,2,1),(1311,3,1),(1312,1,1),(1313,2,1),(1314,3,1),(1315,1,1),(1316,2,1),(1317,3,1),(1318,1,1),(1319,2,1),(1320,3,1),(1321,1,1),(1322,2,1),(1323,3,1),(1324,1,1),(1325,2,1),(1326,3,1),(1327,1,1),(1328,2,1),(1329,3,1),(1330,1,1),(1331,2,1),(1332,3,1),(1333,1,1),(1334,2,1),(1335,3,1),(1336,1,1),(1337,2,1),(1338,3,1),(1339,1,1),(1340,2,1),(1341,3,1),(1342,1,1),(1343,2,1),(1344,3,1),(1345,1,1),(1346,2,1),(1347,3,1),(1348,1,1),(1349,2,1),(1350,3,1),(1351,1,1),(1352,2,1),(1353,3,1),(1354,1,1),(1355,2,1),(1356,3,1),(1357,1,1),(1358,2,1),(1359,3,1),(1360,1,1),(1361,2,1),(1362,3,1),(1363,1,1),(1364,2,1),(1365,3,1),(1366,1,1),(1367,2,1),(1368,3,1),(1369,1,1),(1370,2,1),(1371,3,1),(1372,1,1),(1373,2,1),(1374,3,1),(1375,1,1),(1376,2,1),(1377,3,1),(1378,1,1),(1379,2,1),(1380,3,1),(1381,1,1),(1382,2,1),(1383,3,1),(1384,1,1),(1385,2,1),(1386,3,1),(1387,1,1),(1388,2,1),(1389,3,1),(1390,1,1),(1391,2,1),(1392,3,1),(1393,1,1),(1394,2,1),(1395,3,1),(1396,1,1),(1397,2,1),(1398,3,1),(1399,1,1),(1400,2,1),(1401,3,1),(1402,1,1),(1403,2,1),(1404,3,1),(1405,1,1),(1406,2,1),(1407,3,1),(1408,1,1),(1409,2,1),(1410,3,1),(1411,1,1),(1412,2,1),(1413,3,1),(1414,1,1),(1415,2,1),(1416,3,1),(1417,1,1),(1418,2,1),(1419,3,1),(1420,1,1),(1421,2,1),(1422,3,1),(1423,1,1),(1424,2,1),(1425,3,1),(1426,1,1),(1427,2,1),(1428,3,1),(1429,1,1),(1430,2,1),(1431,3,1),(1432,1,1),(1433,2,1),(1434,3,1),(1435,1,1),(1436,2,1),(1437,3,1),(1438,1,1),(1439,2,1),(1440,3,1),(1441,1,1),(1442,2,1),(1443,3,1),(1444,1,1),(1445,2,1),(1446,3,1),(1447,1,1),(1448,2,1),(1449,3,1),(1450,1,1),(1451,2,1),(1452,3,1),(1453,1,1),(1454,2,1),(1455,3,1),(1456,1,1),(1457,2,1),(1458,3,1),(1459,1,1),(1460,2,1),(1461,3,1),(1462,1,1),(1463,2,1),(1464,3,1),(1465,1,1),(1466,2,1),(1467,3,1),(1468,1,1),(1469,2,1),(1470,3,1),(1471,1,1),(1472,2,1),(1473,3,1),(1474,1,1),(1475,2,1),(1476,3,1),(1477,1,1),(1478,2,1),(1479,3,1),(1480,1,1),(1481,2,1),(1482,3,1),(1483,1,1),(1484,2,1),(1485,3,1),(1486,1,1),(1487,2,1),(1488,3,1),(1489,1,1),(1490,2,1),(1491,3,1),(1492,1,1),(1493,2,1),(1494,3,1),(1495,1,1),(1496,2,1),(1497,3,1),(1498,1,1),(1499,2,1),(1500,3,1),(1501,1,1),(1502,2,1),(1503,3,1),(1504,1,1),(1505,2,1),(1506,3,1),(1507,1,1),(1508,2,1),(1509,3,1),(1510,1,1),(1511,2,1),(1512,3,1),(1513,1,1),(1514,2,1),(1515,3,1),(1516,1,1),(1517,2,1),(1518,3,1),(1519,1,1),(1520,2,1),(1521,3,1),(1522,1,1),(1523,2,1),(1524,3,1),(1525,1,1),(1526,2,1),(1527,3,1),(1528,1,1),(1529,2,1),(1530,3,1),(1531,1,1),(1532,2,1),(1533,3,1),(1534,1,1),(1535,2,1),(1536,3,1),(1537,1,1),(1538,2,1),(1539,3,1),(1540,1,1),(1541,2,1),(1542,3,1),(1543,1,1),(1544,2,1),(1545,3,1),(1546,1,1),(1547,2,1),(1548,3,1),(1549,1,1),(1550,2,1),(1551,3,1),(1552,1,1),(1553,2,1),(1554,3,1),(1555,1,1),(1556,2,1),(1557,3,1),(1558,1,1),(1559,2,1),(1560,3,1),(1561,1,1),(1562,2,1),(1563,3,1),(1564,1,1),(1565,2,1),(1566,3,1),(1567,1,1),(1568,2,1),(1569,3,1),(1570,1,1),(1571,2,1),(1572,3,1),(1573,1,1),(1574,2,1),(1575,3,1),(1576,1,1),(1577,2,1),(1578,3,1),(1579,1,1),(1580,2,1),(1581,3,1),(1582,1,1),(1583,2,1),(1584,3,1),(1585,1,1),(1586,2,1),(1587,3,1),(1588,1,1),(1589,2,1),(1590,3,1),(1591,1,1),(1592,2,1),(1593,3,1),(1594,1,1),(1595,2,1),(1596,3,1),(1597,1,1),(1598,2,1),(1599,3,1),(1600,1,1),(1601,2,1),(1602,3,1),(1603,1,1),(1604,2,1),(1605,3,1),(1606,1,1),(1607,2,1),(1608,3,1),(1609,1,1),(1610,2,1),(1611,3,1),(1612,1,1),(1613,2,1),(1614,3,1),(1615,1,1),(1616,2,1),(1617,3,1),(1618,1,1),(1619,2,1),(1620,3,1),(1621,1,1),(1622,2,1),(1623,3,1),(1624,1,1),(1625,2,1),(1626,3,1),(1627,1,1),(1628,2,1),(1629,3,1),(1630,1,1),(1631,2,1),(1632,3,1),(1633,1,1),(1634,2,1),(1635,3,1),(1636,1,1),(1637,2,1),(1638,3,1),(1639,1,1),(1640,2,1),(1641,3,1),(1642,1,1),(1643,2,1),(1644,3,1),(1645,1,1),(1646,2,1),(1647,3,1),(1648,1,1),(1649,2,1),(1650,3,1),(1651,1,1),(1652,2,1),(1653,3,1),(1654,1,1),(1655,2,1),(1656,3,1),(1657,1,1),(1658,2,1),(1659,3,1),(1660,1,1),(1661,2,1),(1662,3,1),(1663,1,1),(1664,2,1),(1665,3,1),(1666,1,1),(1667,2,1),(1668,3,1),(1669,1,1),(1670,2,1),(1671,3,1),(1672,1,1),(1673,2,1),(1674,3,1),(1675,1,1),(1676,2,1),(1677,3,1),(1678,1,1),(1679,2,1),(1680,3,1),(1681,1,1),(1682,2,1),(1683,3,1),(1684,1,1),(1685,2,1),(1686,3,1),(1687,1,1),(1688,2,1),(1689,3,1),(1690,1,1),(1691,2,1),(1692,3,1),(1693,1,1),(1694,2,1),(1695,3,1),(1696,1,1),(1697,2,1),(1698,3,1),(1699,1,1),(1700,2,1),(1701,3,1),(1702,1,1),(1703,2,1),(1704,3,1),(1705,1,1),(1706,2,1),(1707,3,1),(1708,1,1),(1709,2,1),(1710,3,1),(1711,1,1),(1712,2,1),(1713,3,1),(1714,1,1),(1715,2,1),(1716,3,1),(1717,1,1),(1718,2,1),(1719,3,1),(1720,1,1),(1721,2,1),(1722,3,1),(1723,1,1),(1724,2,1),(1725,3,1),(1726,1,1),(1727,2,1),(1728,3,1),(1729,1,1),(1730,2,1),(1731,3,1),(1732,1,1),(1733,2,1),(1734,3,1),(1735,1,1),(1736,2,1),(1737,3,1),(1738,1,1),(1739,2,1),(1740,3,1),(1741,1,1),(1742,2,1),(1743,3,1),(1744,1,1),(1745,2,1),(1746,3,1),(1747,1,1),(1748,2,1),(1749,3,1),(1750,1,1),(1751,2,1),(1752,3,1),(1753,1,1),(1754,2,1),(1755,3,1),(1756,1,1),(1757,2,1),(1758,3,1),(1759,1,1),(1760,2,1),(1761,3,1),(1762,1,1),(1763,2,1),(1764,3,1),(1765,1,1),(1766,2,1),(1767,3,1),(1768,1,1),(1769,2,1),(1770,3,1),(1771,1,1),(1772,2,1),(1773,3,1),(1774,1,1),(1775,2,1),(1776,3,1),(1777,1,1),(1778,2,1),(1779,3,1),(1780,1,1),(1781,2,1),(1782,3,1),(1783,1,1),(1784,2,1),(1785,3,1),(1786,1,1),(1787,2,1),(1788,3,1),(1789,1,1),(1790,2,1),(1791,3,1),(1792,1,1),(1793,2,1),(1794,3,1),(1795,1,1),(1796,2,1),(1797,3,1),(1798,1,1),(1799,2,1),(1800,3,1),(1801,1,1),(1802,2,1),(1803,3,1),(1804,1,1),(1805,2,1),(1806,3,1),(1807,1,1),(1808,2,1),(1809,3,1),(1810,1,1),(1811,2,1),(1812,3,1),(1813,1,1),(1814,2,1),(1815,3,1),(1816,1,1),(1817,2,1),(1818,3,1),(1819,1,1),(1820,2,1),(1821,3,1),(1822,1,1),(1823,2,1),(1824,3,1),(1825,1,1),(1826,2,1),(1827,3,1),(1828,1,1),(1829,2,1),(1830,3,1),(1831,1,1),(1832,2,1),(1833,3,1),(1834,1,1),(1835,2,1),(1836,3,1),(1837,1,1),(1838,2,1),(1839,3,1),(1840,1,1),(1841,2,1),(1842,3,1),(1843,1,1),(1844,2,1),(1845,3,1),(1846,1,1),(1847,2,1),(1848,3,1),(1849,1,1),(1850,2,1),(1851,3,1),(1852,1,1),(1853,2,1),(1854,3,1),(1855,1,1),(1856,2,1),(1857,3,1),(1858,1,1),(1859,2,1),(1860,3,1),(1861,1,1),(1862,2,1),(1863,3,1),(1864,1,1),(1865,2,1),(1866,3,1),(1867,1,1),(1868,2,1),(1869,3,1),(1870,1,1),(1871,2,1),(1872,3,1),(1873,1,1),(1874,2,1),(1875,3,1),(1876,1,1),(1877,2,1),(1878,3,1),(1879,1,1),(1880,2,1),(1881,3,1),(1882,1,1),(1883,2,1),(1884,3,1),(1885,1,1),(1886,2,1),(1887,3,1),(1888,1,1),(1889,2,1),(1890,3,1),(1891,1,1),(1892,2,1),(1893,3,1),(1894,1,1),(1895,2,1),(1896,3,1),(1897,1,1),(1898,2,1),(1899,3,1),(1900,1,1),(1901,2,1),(1902,3,1),(1903,1,1),(1904,2,1),(1905,3,1),(1906,1,1),(1907,2,1),(1908,3,1),(1909,1,1),(1910,2,1),(1911,3,1),(1912,1,1),(1913,2,1),(1914,3,1),(1915,1,1),(1916,2,1),(1917,3,1),(1918,1,1),(1919,2,1),(1920,3,1),(1921,1,1),(1922,2,1),(1923,3,1),(1924,1,1),(1925,2,1),(1926,3,1),(1927,1,1),(1928,2,1),(1929,3,1),(1930,1,1),(1931,2,1),(1932,3,1),(1933,1,1),(1934,2,1),(1935,3,1),(1936,1,1),(1937,2,1),(1938,3,1),(1939,1,1),(1940,2,1),(1941,3,1),(1942,1,1),(1943,2,1),(1944,3,1),(1945,1,1),(1946,2,1),(1947,3,1),(1948,1,1),(1949,2,1),(1950,3,1),(1951,1,1),(1952,2,1),(1953,3,1),(1954,1,1),(1955,2,1),(1956,3,1),(1957,1,1),(1958,2,1),(1959,3,1),(1960,1,1),(1961,2,1),(1962,3,1),(1963,1,1),(1964,2,1),(1965,3,1),(1966,1,1),(1967,2,1),(1968,3,1),(1969,1,1),(1970,2,1),(1971,3,1),(1972,1,1),(1973,2,1),(1974,3,1),(1975,1,1),(1976,2,1),(1977,3,1),(1978,1,1),(1979,2,1),(1980,3,1),(1981,1,1),(1982,2,1),(1983,3,1),(1984,1,1),(1985,2,1),(1986,3,1),(1987,1,1),(1988,2,1),(1989,3,1),(1990,1,1),(1991,2,1),(1992,3,1),(1993,1,1),(1994,2,1),(1995,3,1),(1996,1,1),(1997,2,1),(1998,3,1),(1999,1,1),(2000,2,1),(2001,3,1),(2002,1,1),(2003,2,1),(2004,3,1),(2005,1,1),(2006,2,1),(2007,3,1),(2008,1,1),(2009,2,1),(2010,3,1),(2011,1,1),(2012,2,1),(2013,3,1),(2014,1,1),(2015,2,1),(2016,3,1),(2017,1,1),(2018,2,1),(2019,3,1),(2020,1,1),(2021,2,1),(2022,3,1),(2023,1,1),(2024,2,1),(2025,3,1),(2026,1,1),(2027,2,1),(2028,3,1),(2029,1,1),(2030,2,1),(2031,3,1),(2032,1,1),(2033,2,1),(2034,3,1),(2035,1,1),(2036,2,1),(2037,3,1),(2038,1,1),(2039,2,1),(2040,3,1),(2041,1,1),(2042,2,1),(2043,3,1),(2044,1,1),(2045,2,1),(2046,3,1),(2047,1,1),(2048,2,1),(2049,3,1),(2050,1,1),(2051,2,1),(2052,3,1),(2053,1,1),(2054,2,1),(2055,3,1),(2056,1,1),(2057,2,1),(2058,3,1),(2059,1,1),(2060,2,1),(2061,3,1),(2062,1,1),(2063,2,1),(2064,3,1),(2065,1,1),(2066,2,1),(2067,3,1),(2068,1,1),(2069,2,1),(2070,3,1),(2071,1,1),(2072,2,1),(2073,3,1),(2074,1,1),(2075,2,1),(2076,3,1),(2077,1,1),(2078,2,1),(2079,3,1),(2080,1,1),(2081,2,1),(2082,3,1),(2083,1,1),(2084,2,1),(2085,3,1),(2086,1,1),(2087,2,1),(2088,3,1),(2089,1,1),(2090,2,1),(2091,3,1),(2092,1,1),(2093,2,1),(2094,3,1),(2095,1,1),(2096,2,1),(2097,3,1),(2098,1,1),(2099,2,1),(2100,3,1),(2101,1,1),(2102,2,1),(2103,3,1),(2104,1,1),(2105,2,1),(2106,3,1),(2107,1,1),(2108,2,1),(2109,3,1),(2110,1,1),(2111,2,1),(2112,3,1),(2113,1,1),(2114,2,1),(2115,3,1),(2116,1,1),(2117,2,1),(2118,3,1),(2119,1,1),(2120,2,1),(2121,3,1),(2122,1,1),(2123,2,1),(2124,3,1),(2125,1,1),(2126,2,1),(2127,3,1),(2128,1,1),(2129,2,1),(2130,3,1),(2131,1,1),(2132,2,1),(2133,3,1),(2134,1,1),(2135,2,1),(2136,3,1),(2137,1,1),(2138,2,1),(2139,3,1),(2140,1,1),(2141,2,1),(2142,3,1),(2143,1,1),(2144,2,1),(2145,3,1),(2146,1,1),(2147,2,1),(2148,3,1),(2149,1,1),(2150,2,1),(2151,3,1),(2152,1,1),(2153,2,1),(2154,3,1),(2155,1,1),(2156,2,1),(2157,3,1),(2158,1,1),(2159,2,1),(2160,3,1),(2161,1,1),(2162,2,1),(2163,3,1),(2164,1,1),(2165,2,1),(2166,3,1),(2167,1,1),(2168,2,1),(2169,3,1),(2170,1,1),(2171,2,1),(2172,3,1),(2173,1,1),(2174,2,1),(2175,3,1),(2176,1,1),(2177,2,1),(2178,3,1),(2179,1,1),(2180,2,1),(2181,3,1),(2182,1,1),(2183,2,1),(2184,3,1),(2185,1,1),(2186,2,1),(2187,3,1),(2188,1,1),(2189,2,1),(2190,3,1),(2191,1,1),(2192,2,1),(2193,3,1),(2194,1,1),(2195,2,1),(2196,3,1),(2197,1,1),(2198,2,1),(2199,3,1),(2200,1,1),(2201,2,1),(2202,3,1),(2203,1,1),(2204,2,1),(2205,3,1),(2206,1,1),(2207,2,1),(2208,3,1),(2209,1,1),(2210,2,1),(2211,3,1),(2212,1,1),(2213,2,1),(2214,3,1),(2215,1,1),(2216,2,1),(2217,3,1),(2218,1,1),(2219,2,1),(2220,3,1),(2221,1,1),(2222,2,1),(2223,3,1),(2224,1,1),(2225,2,1),(2226,3,1),(2227,1,1),(2228,2,1),(2229,3,1),(2230,1,1),(2231,2,1),(2232,3,1),(2233,1,1),(2234,2,1),(2235,3,1),(2236,1,1),(2237,2,1),(2238,3,1),(2239,1,1),(2240,2,1),(2241,3,1),(2242,1,1),(2243,2,1),(2244,3,1),(2245,1,1),(2246,2,1),(2247,3,1),(2248,1,1),(2249,2,1),(2250,3,1),(2251,1,1),(2252,2,1),(2253,3,1),(2254,1,1),(2255,2,1),(2256,3,1),(2257,1,1),(2258,2,1),(2259,3,1),(2260,1,1),(2261,2,1),(2262,3,1),(2263,1,1),(2264,2,1),(2265,3,1),(2266,1,1),(2267,2,1),(2268,3,1),(2269,1,1),(2270,2,1),(2271,3,1),(2272,1,1),(2273,2,1),(2274,3,1),(2275,1,1),(2276,2,1),(2277,3,1),(2278,1,1),(2279,2,1),(2280,3,1),(2281,1,1),(2282,2,1),(2283,3,1),(2284,1,1),(2285,2,1),(2286,3,1),(2287,1,1),(2288,2,1),(2289,3,1),(2290,1,1),(2291,2,1),(2292,3,1),(2293,1,1),(2294,2,1),(2295,3,1),(2296,1,1),(2297,2,1),(2298,3,1),(2299,1,1),(2300,2,1),(2301,3,1),(2302,1,1),(2303,2,1),(2304,3,1),(2305,1,1),(2306,2,1),(2307,3,1),(2308,1,1),(2309,2,1),(2310,3,1),(2311,1,1),(2312,2,1),(2313,3,1),(2314,1,1),(2315,2,1),(2316,3,1),(2317,1,1),(2318,2,1),(2319,3,1),(2320,1,1),(2321,2,1),(2322,3,1),(2323,1,1),(2324,2,1),(2325,3,1),(2326,1,1),(2327,2,1),(2328,3,1),(2329,1,1),(2330,2,1),(2331,3,1),(2332,1,1),(2333,2,1),(2334,3,1),(2335,1,1),(2336,2,1),(2337,3,1),(2338,1,1),(2339,2,1),(2340,3,1),(2341,1,1),(2342,2,1),(2343,3,1),(2344,1,1),(2345,2,1),(2346,3,1),(2347,1,1),(2348,2,1),(2349,3,1),(2350,1,1),(2351,2,1),(2352,3,1),(2353,1,1),(2354,2,1),(2355,3,1),(2356,1,1),(2357,2,1),(2358,3,1),(2359,1,1),(2360,2,1),(2361,3,1),(2362,1,1),(2363,2,1),(2364,3,1),(2365,1,1),(2366,2,1),(2367,3,1),(2368,1,1),(2369,2,1),(2370,3,1),(2371,1,1),(2372,2,1),(2373,3,1),(2374,1,1),(2375,2,1),(2376,3,1),(2377,1,1),(2378,2,1),(2379,3,1),(2380,1,1),(2381,2,1),(2382,3,1),(2383,1,1),(2384,2,1),(2385,3,1),(2386,1,1),(2387,2,1),(2388,3,1),(2389,1,1),(2390,2,1),(2391,3,1),(2392,1,1),(2393,2,1),(2394,3,1),(2395,1,1),(2396,2,1),(2397,3,1),(2398,1,1),(2399,2,1),(2400,3,1),(2401,1,1),(2402,2,1),(2403,3,1),(2404,1,1),(2405,2,1),(2406,3,1),(2407,1,1),(2408,2,1),(2409,3,1),(2410,1,1),(2411,2,1),(2412,3,1),(2413,1,1),(2414,2,1),(2415,3,1),(2416,1,1),(2417,2,1),(2418,3,1),(2419,1,1),(2420,2,1),(2421,3,1),(2422,1,1),(2423,2,1),(2424,3,1),(2425,1,1),(2426,2,1),(2427,3,1),(2428,1,1),(2429,2,1),(2430,3,1),(2431,1,1),(2432,2,1),(2433,3,1),(2434,1,1),(2435,2,1),(2436,3,1),(2437,1,1),(2438,2,1),(2439,3,1),(2440,1,1),(2441,2,1),(2442,3,1),(2443,1,1),(2444,2,1),(2445,3,1),(2446,1,1),(2447,2,1),(2448,3,1),(2449,1,1),(2450,2,1),(2451,3,1),(2452,1,1),(2453,2,1),(2454,3,1),(2455,1,1),(2456,2,1),(2457,3,1),(2458,1,1),(2459,2,1),(2460,3,1),(2461,1,1),(2462,2,1),(2463,3,1),(2464,1,1),(2465,2,1),(2466,3,1),(2467,1,1),(2468,2,1),(2469,3,1),(2470,1,1),(2471,2,1),(2472,3,1),(2473,1,1),(2474,2,1),(2475,3,1),(2476,1,1),(2477,2,1),(2478,3,1),(2479,1,1),(2480,2,1),(2481,3,1),(2482,1,1),(2483,2,1),(2484,3,1),(2485,1,1),(2486,2,1),(2487,3,1),(2488,1,1),(2489,2,1),(2490,3,1),(2491,1,1),(2492,2,1),(2493,3,1),(2494,1,1),(2495,2,1),(2496,3,1),(2497,1,1),(2498,2,1),(2499,3,1),(2500,1,1),(2501,2,1),(2502,3,1),(2503,1,1),(2504,2,1),(2505,3,1),(2506,1,1),(2507,2,1),(2508,3,1),(2509,1,1),(2510,2,1),(2511,3,1),(2512,1,1),(2513,2,1),(2514,3,1),(2515,1,1),(2516,2,1),(2517,3,1),(2518,1,1),(2519,2,1),(2520,3,1),(2521,1,1),(2522,2,1),(2523,3,1),(2524,1,1),(2525,2,1),(2526,3,1),(2527,1,1),(2528,2,1),(2529,3,1),(2530,1,1),(2531,2,1),(2532,3,1),(2533,1,1),(2534,2,1),(2535,3,1),(2536,1,1),(2537,2,1),(2538,3,1),(2539,1,1),(2540,2,1),(2541,3,1),(2542,1,1),(2543,2,1),(2544,3,1),(2545,1,1),(2546,2,1),(2547,3,1),(2548,1,1),(2549,2,1),(2550,3,1),(2551,1,1),(2552,2,1),(2553,3,1),(2554,1,1),(2555,2,1),(2556,3,1),(2557,1,1),(2558,2,1),(2559,3,1),(2560,1,1),(2561,2,1),(2562,3,1),(2563,1,1),(2564,2,1),(2565,3,1),(2566,1,1),(2567,2,1),(2568,3,1),(2569,1,1),(2570,2,1),(2571,3,1),(2572,1,1),(2573,2,1),(2574,3,1),(2575,1,1),(2576,2,1),(2577,3,1),(2578,1,1),(2579,2,1),(2580,3,1),(2581,1,1),(2582,2,1),(2583,3,1),(2584,1,1),(2585,2,1),(2586,3,1),(2587,1,1),(2588,2,1),(2589,3,1),(2590,1,1),(2591,2,1),(2592,3,1),(2593,1,1),(2594,2,1),(2595,3,1),(2596,1,1),(2597,2,1),(2598,3,1),(2599,1,1),(2600,2,1),(2601,3,1),(2602,1,1),(2603,2,1),(2604,3,1),(2605,1,1),(2606,2,1),(2607,3,1),(2608,1,1),(2609,2,1),(2610,3,1),(2611,1,1),(2612,2,1),(2613,3,1),(2614,1,1),(2615,2,1),(2616,3,1),(2617,1,1),(2618,2,1),(2619,3,1),(2620,1,1),(2621,2,1),(2622,3,1),(2623,1,1),(2624,2,1),(2625,3,1),(2626,1,1),(2627,2,1),(2628,3,1),(2629,1,1),(2630,2,1),(2631,3,1),(2632,1,1),(2633,2,1),(2634,3,1),(2635,1,1),(2636,2,1),(2637,3,1),(2638,1,1),(2639,2,1),(2640,3,1),(2641,1,1),(2642,2,1),(2643,3,1),(2644,1,1),(2645,2,1),(2646,3,1),(2647,1,1),(2648,2,1),(2649,3,1),(2650,1,1),(2651,2,1),(2652,3,1),(2653,1,1),(2654,2,1),(2655,3,1),(2656,1,1),(2657,2,1),(2658,3,1),(2659,1,1),(2660,2,1),(2661,3,1),(2662,1,1),(2663,2,1),(2664,3,1),(2665,1,1),(2666,2,1),(2667,3,1),(2668,1,1),(2669,2,1),(2670,3,1),(2671,1,1),(2672,2,1),(2673,3,1),(2674,1,1),(2675,2,1),(2676,3,1),(2677,1,1),(2678,2,1),(2679,3,1),(2680,1,1),(2681,2,1),(2682,3,1),(2683,1,1),(2684,2,1),(2685,3,1),(2686,1,1),(2687,2,1),(2688,3,1),(2689,1,1),(2690,2,1),(2691,3,1),(2692,1,1),(2693,2,1),(2694,3,1),(2695,1,1),(2696,2,1),(2697,3,1),(2698,1,1),(2699,2,1),(2700,3,1),(2701,1,1),(2702,2,1),(2703,3,1),(2704,1,1),(2705,2,1),(2706,3,1),(2707,1,1),(2708,2,1),(2709,3,1),(2710,1,1),(2711,2,1),(2712,3,1),(2713,1,1),(2714,2,1),(2715,3,1),(2716,1,1),(2717,2,1),(2718,3,1),(2719,1,1),(2720,2,1),(2721,3,1),(2722,1,1),(2723,2,1),(2724,3,1),(2725,1,1),(2726,2,1),(2727,3,1),(2728,1,1),(2729,2,1),(2730,3,1),(2731,1,1),(2732,2,1),(2733,3,1),(2734,1,1),(2735,2,1),(2736,3,1),(2737,1,1),(2738,2,1),(2739,3,1),(2740,1,1),(2741,2,1),(2742,3,1),(2743,1,1),(2744,2,1),(2745,3,1),(2746,1,1),(2747,2,1),(2748,3,1),(2749,1,1),(2750,2,1),(2751,3,1),(2752,1,1),(2753,2,1),(2754,3,1),(2755,1,1),(2756,2,1),(2757,3,1),(2758,1,1),(2759,2,1),(2760,3,1),(2761,1,1),(2762,2,1),(2763,3,1),(2764,1,1),(2765,2,1),(2766,3,1),(2767,1,1),(2768,2,1),(2769,3,1),(2770,1,1),(2771,2,1),(2772,3,1),(2773,1,1),(2774,2,1),(2775,3,1),(2776,1,1),(2777,2,1),(2778,3,1),(2779,1,1),(2780,2,1),(2781,3,1),(2782,1,1),(2783,2,1),(2784,3,1),(2785,1,1),(2786,2,1),(2787,3,1),(2788,1,1),(2789,2,1),(2790,3,1),(2791,1,1),(2792,2,1),(2793,3,1),(2794,1,1),(2795,2,1),(2796,3,1),(2797,1,1),(2798,2,1),(2799,3,1),(2800,1,1),(2801,2,1),(2802,3,1),(2803,1,1),(2804,2,1),(2805,3,1),(2806,1,1),(2807,2,1),(2808,3,1),(2809,1,1),(2810,2,1),(2811,3,1),(2812,1,1),(2813,2,1),(2814,3,1),(2815,1,1),(2816,2,1),(2817,3,1),(2818,1,1),(2819,2,1),(2820,3,1),(2821,1,1),(2822,2,1),(2823,3,1),(2824,1,1),(2825,2,1),(2826,3,1),(2827,1,1),(2828,2,1),(2829,3,1),(2830,1,1),(2831,2,1),(2832,3,1),(2833,1,1),(2834,2,1),(2835,3,1),(2836,1,1),(2837,2,1),(2838,3,1),(2839,1,1),(2840,2,1),(2841,3,1),(2842,1,1),(2843,2,1),(2844,3,1),(2845,1,1),(2846,2,1),(2847,3,1),(2848,1,1),(2849,2,1),(2850,3,1),(2851,1,1),(2852,2,1),(2853,3,1),(2854,1,1),(2855,2,1),(2856,3,1),(2857,1,1),(2858,2,1),(2859,3,1),(2860,1,1),(2861,2,1),(2862,3,1),(2863,1,1),(2864,2,1),(2865,3,1),(2866,1,1),(2867,2,1),(2868,3,1),(2869,1,1),(2870,2,1),(2871,3,1),(2872,1,1),(2873,2,1),(2874,3,1),(2875,1,1),(2876,2,1),(2877,3,1),(2878,1,1),(2879,2,1),(2880,3,1),(2881,1,1),(2882,2,1),(2883,3,1),(2884,1,1),(2885,2,1),(2886,3,1),(2887,1,1),(2888,2,1),(2889,3,1),(2890,1,1),(2891,2,1),(2892,3,1),(2893,1,1),(2894,2,1),(2895,3,1),(2896,1,1),(2897,2,1),(2898,3,1),(2899,1,1),(2900,2,1),(2901,3,1),(2902,1,1),(2903,2,1),(2904,3,1),(2905,1,1),(2906,2,1),(2907,3,1),(2908,1,1),(2909,2,1),(2910,3,1),(2911,1,1),(2912,2,1),(2913,3,1),(2914,1,1),(2915,2,1),(2916,3,1),(2917,1,1),(2918,2,1),(2919,3,1),(2920,1,1),(2921,2,1),(2922,3,1),(2923,1,1),(2924,2,1),(2925,3,1),(2926,1,1),(2927,2,1),(2928,3,1),(2929,1,1),(2930,2,1),(2931,3,1),(2932,1,1),(2933,2,1),(2934,3,1),(2935,1,1),(2936,2,1),(2937,3,1),(2938,1,1),(2939,2,1),(2940,3,1),(2941,1,1),(2942,2,1),(2943,3,1),(2944,1,1),(2945,2,1),(2946,3,1),(2947,1,1),(2948,2,1),(2949,3,1),(2950,1,1),(2951,2,1),(2952,3,1),(2953,1,1),(2954,2,1),(2955,3,1),(2956,1,1),(2957,2,1),(2958,3,1),(2959,1,1),(2960,2,1),(2961,3,1),(2962,1,1),(2963,2,1),(2964,3,1),(2965,1,1),(2966,2,1),(2967,3,1),(2968,1,1),(2969,2,1),(2970,3,1),(2971,1,1),(2972,2,1),(2973,3,1),(2974,1,1),(2975,2,1),(2976,3,1),(2977,1,1),(2978,2,1),(2979,3,1),(2980,1,1),(2981,2,1),(2982,3,1),(2983,1,1),(2984,2,1),(2985,3,1),(2986,1,1),(2987,2,1),(2988,3,1),(2989,1,1),(2990,2,1),(2991,3,1),(2992,1,1),(2993,2,1),(2994,3,1),(2995,1,1),(2996,2,1),(2997,3,1),(2998,1,1),(2999,2,1),(3000,3,1),(3001,1,1),(3002,2,1),(3003,3,1),(3004,1,1),(3005,2,1),(3006,3,1),(3007,1,1),(3008,2,1),(3009,3,1),(3010,1,1),(3011,2,1),(3012,3,1),(3013,1,1),(3014,2,1),(3015,3,1),(3016,1,1),(3017,2,1),(3018,3,1),(3019,1,1),(3020,2,1),(3021,3,1),(3022,1,1),(3023,2,1),(3024,3,1),(3025,1,1),(3026,2,1),(3027,3,1),(3028,1,1),(3029,2,1),(3030,3,1),(3031,1,1),(3032,2,1),(3033,3,1),(3034,1,1),(3035,2,1),(3036,3,1),(3037,1,1),(3038,2,1),(3039,3,1),(3040,1,1),(3041,2,1),(3042,3,1),(3043,1,1),(3044,2,1),(3045,3,1),(3046,1,1),(3047,2,1),(3048,3,1),(3049,1,1),(3050,2,1),(3051,3,1),(3052,1,1),(3053,2,1),(3054,3,1),(3055,1,1),(3056,2,1),(3057,3,1),(3058,1,1),(3059,2,1),(3060,3,1),(3061,1,1),(3062,2,1),(3063,3,1),(3064,1,1),(3065,2,1),(3066,3,1),(3067,1,1),(3068,2,1),(3069,3,1),(3070,1,1),(3071,2,1),(3072,3,1),(3073,1,1),(3074,2,1),(3075,3,1),(3076,1,1),(3077,2,1),(3078,3,1),(3079,1,1),(3080,2,1),(3081,3,1),(3082,1,1),(3083,2,1),(3084,3,1),(3085,1,1),(3086,2,1),(3087,3,1),(3088,1,1),(3089,2,1),(3090,3,1),(3091,1,1),(3092,2,1),(3093,3,1),(3094,1,1),(3095,2,1),(3096,3,1),(3097,1,1),(3098,2,1),(3099,3,1),(3100,1,1),(3101,2,1),(3102,3,1),(3103,1,1),(3104,2,1),(3105,3,1),(3106,1,1),(3107,2,1),(3108,3,1),(3109,1,1),(3110,2,1),(3111,3,1),(3112,1,1),(3113,2,1),(3114,3,1),(3115,1,1),(3116,2,1),(3117,3,1),(3118,1,1),(3119,2,1),(3120,3,1),(3121,1,1),(3122,2,1),(3123,3,1),(3124,1,1),(3125,2,1),(3126,3,1),(3127,1,1),(3128,2,1),(3129,3,1),(3130,1,1),(3131,2,1),(3132,3,1),(3133,1,1),(3134,2,1),(3135,3,1),(3136,1,1),(3137,2,1),(3138,3,1),(3139,1,1),(3140,2,1),(3141,3,1),(3142,1,1),(3143,2,1),(3144,3,1),(3145,1,1),(3146,2,1),(3147,3,1),(3148,1,1),(3149,2,1),(3150,3,1),(3151,1,1),(3152,2,1),(3153,3,1),(3154,1,1),(3155,2,1),(3156,3,1),(3157,1,1),(3158,2,1),(3159,3,1),(3160,1,1),(3161,2,1),(3162,3,1),(3163,1,1),(3164,2,1),(3165,3,1),(3166,1,1),(3167,2,1),(3168,3,1),(3169,1,1),(3170,2,1),(3171,3,1),(3172,1,1),(3173,2,1),(3174,3,1),(3175,1,1),(3176,2,1),(3177,3,1),(3178,1,1),(3179,2,1),(3180,3,1),(3181,1,1),(3182,2,1),(3183,3,1),(3184,1,1),(3185,2,1),(3186,3,1),(3187,1,1),(3188,2,1),(3189,3,1),(3190,1,1),(3191,2,1),(3192,3,1),(3193,1,1),(3194,2,1),(3195,3,1),(3196,1,1),(3197,2,1),(3198,3,1),(3199,1,1),(3200,2,1),(3201,3,1),(3202,1,1),(3203,2,1),(3204,3,1),(3205,1,1),(3206,2,1),(3207,3,1),(3208,1,1),(3209,2,1),(3210,3,1),(3211,1,1),(3212,2,1),(3213,3,1),(3214,1,1),(3215,2,1),(3216,3,1),(3217,1,1),(3218,2,1),(3219,3,1),(3220,1,1),(3221,2,1),(3222,3,1),(3223,1,1),(3224,2,1),(3225,3,1),(3226,1,1),(3227,2,1),(3228,3,1),(3229,1,1),(3230,2,1),(3231,3,1),(3232,1,1),(3233,2,1),(3234,3,1),(3235,1,1),(3236,2,1),(3237,3,1),(3238,1,1),(3239,2,1),(3240,3,1),(3241,1,1),(3242,2,1),(3243,3,1),(3244,1,1),(3245,2,1),(3246,3,1),(3247,1,1),(3248,2,1),(3249,3,1),(3250,1,1),(3251,2,1),(3252,3,1),(3253,1,1),(3254,2,1),(3255,3,1),(3256,1,1),(3257,2,1),(3258,3,1),(3259,1,1),(3260,2,1),(3261,3,1),(3262,1,1),(3263,2,1),(3264,3,1),(3265,1,1),(3266,2,1),(3267,3,1),(3268,1,1),(3269,2,1),(3270,3,1),(3271,1,1),(3272,2,1),(3273,3,1),(3274,1,1),(3275,2,1),(3276,3,1),(3277,1,1),(3278,2,1),(3279,3,1),(3280,1,1),(3281,2,1),(3282,3,1),(3283,1,1),(3284,2,1),(3285,3,1),(3286,1,1),(3287,2,1),(3288,3,1),(3289,1,1),(3290,2,1),(3291,3,1),(3292,1,1),(3293,2,1),(3294,3,1),(3295,1,1),(3296,2,1),(3297,3,1),(3298,1,1),(3299,2,1),(3300,3,1),(3301,1,1),(3302,2,1),(3303,3,1),(3304,1,1),(3305,2,1),(3306,3,1),(3307,1,1),(3308,2,1),(3309,3,1),(3310,1,1),(3311,2,1),(3312,3,1),(3313,1,1),(3314,2,1),(3315,3,1),(3316,1,1),(3317,2,1),(3318,3,1),(3319,1,1),(3320,2,1),(3321,3,1),(3322,1,1),(3323,2,1),(3324,3,1),(3325,1,1),(3326,2,1),(3327,3,1),(3328,1,1),(3329,2,1),(3330,3,1),(3331,1,1),(3332,2,1),(3333,3,1),(3334,1,1),(3335,2,1),(3336,3,1),(3337,1,1),(3338,2,1),(3339,3,1),(3340,1,1),(3341,2,1),(3342,3,1),(3343,1,1),(3344,2,1),(3345,3,1),(3346,1,1),(3347,2,1),(3348,3,1),(3349,1,1),(3350,2,1),(3351,3,1),(3352,1,1),(3353,2,1),(3354,3,1),(3355,1,1),(3356,2,1),(3357,3,1),(3358,1,1),(3359,2,1),(3360,3,1),(3361,1,1),(3362,2,1),(3363,3,1),(3364,1,1),(3365,2,1),(3366,3,1),(3367,1,1),(3368,2,1),(3369,3,1),(3370,1,1),(3371,2,1),(3372,3,1),(3373,1,1),(3374,2,1),(3375,3,1),(3376,1,1),(3377,2,1),(3378,3,1),(3379,1,1),(3380,2,1),(3381,3,1),(3382,1,1),(3383,2,1),(3384,3,1),(3385,1,1),(3386,2,1),(3387,3,1),(3388,1,1),(3389,2,1),(3390,3,1),(3391,1,1),(3392,2,1),(3393,3,1),(3394,1,1),(3395,2,1),(3396,3,1),(3397,1,1),(3398,2,1),(3399,3,1),(3400,1,1),(3401,2,1),(3402,3,1),(3403,1,1),(3404,2,1),(3405,3,1),(3406,1,1),(3407,2,1),(3408,3,1),(3409,1,1),(3410,2,1),(3411,3,1),(3412,1,1),(3413,2,1),(3414,3,1),(3415,1,1),(3416,2,1),(3417,3,1),(3418,1,1),(3419,2,1),(3420,3,1),(3421,1,1),(3422,2,1),(3423,3,1),(3424,1,1),(3425,2,1),(3426,3,1),(3427,1,1),(3428,2,1),(3429,3,1),(3430,1,1),(3431,2,1),(3432,3,1),(3433,1,1),(3434,2,1),(3435,3,1),(3436,1,1),(3437,2,1),(3438,3,1),(3439,1,1),(3440,2,1),(3441,3,1),(3442,1,1),(3443,2,1),(3444,3,1),(3445,1,1),(3446,2,1),(3447,3,1),(3448,1,1),(3449,2,1),(3450,3,1),(3451,1,1),(3452,2,1),(3453,3,1),(3454,1,1),(3455,2,1),(3456,3,1),(3457,1,1),(3458,2,1),(3459,3,1),(3460,1,1),(3461,2,1),(3462,3,1),(3463,1,1),(3464,2,1),(3465,3,1),(3466,1,1),(3467,2,1),(3468,3,1),(3469,1,1),(3470,2,1),(3471,3,1),(3472,1,1),(3473,2,1),(3474,3,1),(3475,1,1),(3476,2,1),(3477,3,1),(3478,1,1),(3479,2,1),(3480,3,1),(3481,1,1),(3482,2,1),(3483,3,1),(3484,1,1),(3485,2,1),(3486,3,1),(3487,1,1),(3488,2,1),(3489,3,1),(3490,1,1),(3491,2,1),(3492,3,1),(3493,1,1),(3494,2,1),(3495,3,1),(3496,1,1),(3497,2,1),(3498,3,1),(3499,1,1),(3500,2,1),(3501,3,1),(3502,1,1),(3503,2,1),(3504,3,1),(3505,1,1),(3506,2,1),(3507,3,1),(3508,1,1),(3509,2,1),(3510,3,1),(3511,1,1),(3512,2,1),(3513,3,1),(3514,1,1),(3515,2,1),(3516,3,1),(3517,1,1),(3518,2,1),(3519,3,1),(3520,1,1),(3521,2,1),(3522,3,1),(3523,1,1),(3524,2,1),(3525,3,1),(3526,1,1),(3527,2,1),(3528,3,1),(3529,1,1),(3530,2,1),(3531,3,1),(3532,1,1),(3533,2,1),(3534,3,1),(3535,1,1),(3536,2,1),(3537,3,1),(3538,1,1),(3539,2,1),(3540,3,1),(3541,1,1),(3542,2,1),(3543,3,1),(3544,1,1),(3545,2,1),(3546,3,1),(3547,1,1),(3548,2,1),(3549,3,1),(3550,1,1),(3551,2,1),(3552,3,1),(3553,1,1),(3554,2,1),(3555,3,1),(3556,1,1),(3557,2,1),(3558,3,1),(3559,1,1),(3560,2,1),(3561,3,1),(3562,1,1),(3563,2,1),(3564,3,1),(3565,1,1),(3566,2,1),(3567,3,1),(3568,1,1),(3569,2,1),(3570,3,1),(3571,1,1),(3572,2,1),(3573,3,1),(3574,1,1),(3575,2,1),(3576,3,1),(3577,1,1),(3578,2,1),(3579,3,1),(3580,1,1),(3581,2,1),(3582,3,1),(3583,1,1),(3584,2,1),(3585,3,1),(3586,1,1),(3587,2,1),(3588,3,1),(3589,1,1),(3590,2,1),(3591,3,1),(3592,1,1),(3593,2,1),(3594,3,1),(3595,1,1),(3596,2,1),(3597,3,1),(3598,1,1),(3599,2,1),(3600,3,1),(3601,1,1),(3602,2,1),(3603,3,1),(3604,1,1),(3605,2,1),(3606,3,1),(3607,1,1),(3608,2,1),(3609,3,1),(3610,1,1),(3611,2,1),(3612,3,1),(3613,1,1),(3614,2,1),(3615,3,1),(3616,1,1),(3617,2,1),(3618,3,1),(3619,1,1),(3620,2,1),(3621,3,1),(3622,1,1),(3623,2,1),(3624,3,1),(3625,1,1),(3626,2,1),(3627,3,1),(3628,1,1),(3629,2,1),(3630,3,1),(3631,1,1),(3632,2,1),(3633,3,1),(3634,1,1),(3635,2,1),(3636,3,1),(3637,1,1),(3638,2,1),(3639,3,1),(3640,1,1),(3641,2,1),(3642,3,1),(3643,1,1),(3644,2,1),(3645,3,1),(3646,1,1),(3647,2,1),(3648,3,1),(3649,1,1),(3650,2,1),(3651,3,1),(3652,1,1),(3653,2,1),(3654,3,1),(3655,1,1),(3656,2,1),(3657,3,1),(3658,1,1),(3659,2,1),(3660,3,1),(3661,1,1),(3662,2,1),(3663,3,1),(3664,1,1),(3665,2,1),(3666,3,1),(3667,1,1),(3668,2,1),(3669,3,1),(3670,1,1),(3671,2,1),(3672,3,1),(3673,1,1),(3674,2,1),(3675,3,1),(3676,1,1),(3677,2,1),(3678,3,1),(3679,1,1),(3680,2,1),(3681,3,1),(3682,1,1),(3683,2,1),(3684,3,1),(3685,1,1),(3686,2,1),(3687,3,1),(3688,1,1),(3689,2,1),(3690,3,1),(3691,1,1),(3692,2,1),(3693,3,1),(3694,1,1),(3695,2,1),(3696,3,1),(3697,1,1),(3698,2,1),(3699,3,1),(3700,1,1),(3701,2,1),(3702,3,1),(3703,1,1),(3704,2,1),(3705,3,1),(3706,1,1),(3707,2,1),(3708,3,1),(3709,1,1),(3710,2,1),(3711,3,1),(3712,1,1),(3713,2,1),(3714,3,1),(3715,1,1),(3716,2,1),(3717,3,1),(3718,1,1),(3719,2,1),(3720,3,1),(3721,1,1),(3722,2,1),(3723,3,1),(3724,1,1),(3725,2,1),(3726,3,1),(3727,1,1),(3728,2,1),(3729,3,1),(3730,1,1),(3731,2,1),(3732,3,1),(3733,1,1),(3734,2,1),(3735,3,1),(3736,1,1),(3737,2,1),(3738,3,1),(3739,1,1),(3740,2,1),(3741,3,1),(3742,1,1),(3743,2,1),(3744,3,1),(3745,1,1),(3746,2,1),(3747,3,1),(3748,1,1),(3749,2,1),(3750,3,1),(3751,1,1),(3752,2,1),(3753,3,1),(3754,1,1),(3755,2,1),(3756,3,1),(3757,1,1),(3758,2,1),(3759,3,1),(3760,1,1),(3761,2,1),(3762,3,1),(3763,1,1),(3764,2,1),(3765,3,1),(3766,1,1),(3767,2,1),(3768,3,1),(3769,1,1),(3770,2,1),(3771,3,1),(3772,1,1),(3773,2,1),(3774,3,1),(3775,1,1),(3776,2,1),(3777,3,1),(3778,1,1),(3779,2,1),(3780,3,1),(3781,1,1),(3782,2,1),(3783,3,1),(3784,1,1),(3785,2,1),(3786,3,1),(3787,1,1),(3788,2,1),(3789,3,1),(3790,1,1),(3791,2,1),(3792,3,1),(3793,1,1),(3794,2,1),(3795,3,1),(3796,1,1),(3797,2,1),(3798,3,1),(3799,1,1),(3800,2,1),(3801,3,1),(3802,1,1),(3803,2,1),(3804,3,1),(3805,1,1),(3806,2,1),(3807,3,1),(3808,1,1),(3809,2,1),(3810,3,1),(3811,1,1),(3812,2,1),(3813,3,1),(3814,1,1),(3815,2,1),(3816,3,1),(3817,1,1),(3818,2,1),(3819,3,1),(3820,1,1),(3821,2,1),(3822,3,1),(3823,1,1),(3824,2,1),(3825,3,1),(3826,1,1),(3827,2,1),(3828,3,1),(3829,1,1),(3830,2,1),(3831,3,1),(3832,1,1),(3833,2,1),(3834,3,1),(3835,1,1),(3836,2,1),(3837,3,1),(3838,1,1),(3839,2,1),(3840,3,1),(3841,1,1),(3842,2,1),(3843,3,1),(3844,1,1),(3845,2,1),(3846,3,1),(3847,1,1),(3848,2,1),(3849,3,1),(3850,1,1),(3851,2,1),(3852,3,1),(3853,1,1),(3854,2,1),(3855,3,1),(3856,1,1),(3857,2,1),(3858,3,1),(3859,1,1),(3860,2,1),(3861,3,1),(3862,1,1),(3863,2,1),(3864,3,1),(3865,1,1),(3866,2,1),(3867,3,1),(3868,1,1),(3869,2,1),(3870,3,1),(3871,1,1),(3872,2,1),(3873,3,1),(3874,1,1),(3875,2,1),(3876,3,1),(3877,1,1),(3878,2,1),(3879,3,1),(3880,1,1),(3881,2,1),(3882,3,1),(3883,1,1),(3884,2,1),(3885,3,1),(3886,1,1),(3887,2,1),(3888,3,1),(3889,1,1),(3890,2,1),(3891,3,1),(3892,1,1),(3893,2,1),(3894,3,1),(3895,1,1),(3896,2,1),(3897,3,1),(3898,1,1),(3899,2,1),(3900,3,1),(3901,1,1),(3902,2,1),(3903,3,1),(3904,1,1),(3905,2,1),(3906,3,1),(3907,1,1),(3908,2,1),(3909,3,1),(3910,1,1),(3911,2,1),(3912,3,1),(3913,1,1),(3914,2,1),(3915,3,1),(3916,1,1),(3917,2,1),(3918,3,1),(3919,1,1),(3920,2,1),(3921,3,1),(3922,1,1),(3923,2,1),(3924,3,1),(3925,1,1),(3926,2,1),(3927,3,1),(3928,1,1),(3929,2,1),(3930,3,1),(3931,1,1),(3932,2,1),(3933,3,1),(3934,1,1),(3935,2,1),(3936,3,1),(3937,1,1),(3938,2,1),(3939,3,1),(3940,1,1),(3941,2,1),(3942,3,1),(3943,1,1),(3944,2,1),(3945,3,1),(3946,1,1),(3947,2,1),(3948,3,1),(3949,1,1),(3950,2,1),(3951,3,1),(3952,1,1),(3953,2,1),(3954,3,1),(3955,1,1),(3956,2,1),(3957,3,1),(3958,1,1),(3959,2,1),(3960,3,1),(3961,1,1),(3962,2,1),(3963,3,1),(3964,1,1),(3965,2,1),(3966,3,1),(3967,1,1),(3968,2,1),(3969,3,1),(3970,1,1),(3971,2,1),(3972,3,1),(3973,1,1),(3974,2,1),(3975,3,1),(3976,1,1),(3977,2,1),(3978,3,1),(3979,1,1),(3980,2,1),(3981,3,1),(3982,1,1),(3983,2,1),(3984,3,1),(3985,1,1),(3986,2,1),(3987,3,1),(3988,1,1),(3989,2,1),(3990,3,1),(3991,1,1),(3992,2,1),(3993,3,1),(3994,1,1),(3995,2,1),(3996,3,1),(3997,1,1),(3998,2,1),(3999,3,1),(4000,1,1),(4001,2,1),(4002,3,1),(4003,1,1),(4004,2,1),(4005,3,1),(4006,1,1),(4007,2,1),(4008,3,1),(4009,1,1),(4010,2,1),(4011,3,1),(4012,1,1),(4013,2,1),(4014,3,1),(4015,1,1),(4016,2,1),(4017,3,1),(4018,1,1),(4019,2,1),(4020,3,1),(4021,1,1),(4022,2,1),(4023,3,1),(4024,1,1),(4025,2,1),(4026,3,1),(4027,1,1),(4028,2,1),(4029,3,1),(4030,1,1),(4031,2,1),(4032,3,1),(4033,1,1),(4034,2,1),(4035,3,1),(4036,1,1),(4037,2,1),(4038,3,1),(4039,1,1),(4040,2,1),(4041,3,1),(4042,1,1),(4043,2,1),(4044,3,1),(4045,1,1),(4046,2,1),(4047,3,1),(4048,1,1),(4049,2,1),(4050,3,1),(4051,1,1),(4052,2,1),(4053,3,1),(4054,1,1),(4055,2,1),(4056,3,1),(4057,1,1),(4058,2,1),(4059,3,1),(4060,1,1),(4061,2,1),(4062,3,1),(4063,1,1),(4064,1,1),(4065,2,1),(4066,2,1),(4067,3,1),(4068,3,1),(4069,1,1),(4070,2,1),(4071,3,1),(4072,1,1),(4073,2,1),(4074,3,1),(4075,1,1),(4076,2,1),(4077,3,1),(4078,1,1),(4079,2,1),(4080,3,1),(4081,1,1),(4082,2,1),(4083,3,1),(4084,1,1),(4085,2,1),(4086,3,1),(4087,1,1),(4088,2,1),(4089,3,1),(4090,1,1),(4091,2,1),(4092,3,1),(4093,1,1),(4094,2,1),(4095,3,1),(4096,1,1),(4097,2,1),(4098,3,1),(4099,1,1),(4100,2,1),(4101,3,1),(4102,1,1),(4103,2,1),(4104,3,1),(4105,1,1),(4106,2,1),(4107,3,1),(4108,1,1),(4109,2,1),(4110,3,1),(4111,1,1),(4112,2,1),(4113,3,1),(4114,1,1),(4115,2,1),(4116,3,1),(4117,1,1),(4118,2,1),(4119,3,1),(4120,1,1),(4121,2,1),(4122,3,1),(4123,1,1),(4124,2,1),(4125,3,1),(4126,1,1),(4127,2,1),(4128,3,1),(4129,1,1),(4130,2,1),(4131,3,1),(4132,1,1),(4133,2,1),(4134,3,1),(4135,1,1),(4136,2,1),(4137,3,1),(4138,1,1),(4139,2,1),(4140,3,1),(4141,1,1),(4142,2,1),(4143,3,1),(4144,1,1),(4145,2,1),(4146,3,1),(4147,1,1),(4148,2,1),(4149,3,1),(4150,1,1),(4151,2,1),(4152,3,1),(4153,1,1),(4154,2,1),(4155,3,1),(4156,1,1),(4157,2,1),(4158,3,1),(4159,1,1),(4160,2,1),(4161,3,1),(4162,1,1),(4163,2,1),(4164,3,1),(4165,1,1),(4166,2,1),(4167,3,1),(4168,1,1),(4169,2,1),(4170,3,1),(4171,1,1),(4172,2,1),(4173,3,1),(4174,1,1),(4175,2,1),(4176,3,1),(4177,1,1),(4178,2,1),(4179,3,1),(4180,1,1),(4181,2,1),(4182,3,1),(4183,1,1),(4184,2,1),(4185,3,1),(4186,1,1),(4187,2,1),(4188,3,1),(4189,1,1),(4190,2,1),(4191,3,1),(4192,1,1),(4193,2,1),(4194,3,1),(4195,1,1),(4196,2,1),(4197,3,1),(4198,1,1),(4199,2,1),(4200,3,1),(4201,1,1),(4202,2,1),(4203,1,1),(4204,3,1),(4205,2,1),(4206,3,1),(4207,1,1),(4208,2,1),(4209,3,1),(4210,1,1),(4211,2,1),(4212,3,1),(4213,1,1),(4214,2,1),(4215,3,1),(4216,1,1),(4217,2,1),(4218,3,1),(4219,1,1),(4220,2,1),(4221,3,1),(4222,1,1),(4223,2,1),(4224,3,1),(4225,1,1),(4226,2,1),(4227,3,1),(4228,1,1),(4229,2,1),(4230,3,1),(4231,1,1),(4232,2,1),(4233,3,1),(4234,1,1),(4235,2,1),(4236,3,1),(4237,1,1),(4238,2,1),(4239,3,1),(4240,1,1),(4241,2,1),(4242,3,1),(4243,1,1),(4244,2,1),(4245,3,1),(4246,1,1),(4247,2,1),(4248,3,1),(4249,1,1),(4250,2,1),(4251,3,1),(4252,1,1),(4253,2,1),(4254,3,1),(4255,1,1),(4256,2,1),(4257,3,1),(4258,1,1),(4259,2,1),(4260,3,1),(4261,1,1),(4262,2,1),(4263,3,1),(4264,1,1),(4265,2,1),(4266,3,1),(4267,1,1),(4268,2,1),(4269,3,1),(4270,1,1),(4271,2,1),(4272,3,1),(4273,1,1),(4274,2,1),(4275,3,1),(4276,1,1),(4277,2,1),(4278,3,1),(4279,1,1),(4280,2,1),(4281,3,1),(4282,1,1),(4283,1,1),(4284,2,1),(4285,2,1),(4286,3,1),(4287,3,1),(4288,1,1),(4289,2,1),(4290,3,1),(4291,1,1),(4292,2,1),(4293,3,1),(4294,1,1),(4295,2,1),(4296,3,1),(4297,1,1),(4298,2,1),(4299,3,1),(4300,1,1),(4301,2,1),(4302,3,1),(4303,1,1),(4304,2,1),(4305,3,1),(4306,1,1),(4307,2,1),(4308,3,1),(4309,1,1),(4310,2,1),(4311,3,1),(4312,1,1),(4313,2,1),(4314,3,1),(4315,1,1),(4316,2,1),(4317,3,1),(4318,1,1),(4319,2,1),(4320,3,1),(4321,1,1),(4322,2,1),(4323,3,1),(4324,1,1),(4325,2,1),(4326,3,1),(4327,1,1),(4328,2,1),(4329,3,1),(4330,1,1),(4331,2,1),(4332,3,1),(4333,1,1),(4334,2,1),(4335,3,1),(4336,1,1),(4337,2,1),(4338,3,1),(4339,1,1),(4340,2,1),(4341,3,1),(4342,1,1),(4343,2,1),(4344,3,1),(4345,1,1),(4346,2,1),(4347,3,1),(4348,1,1),(4349,2,1),(4350,3,1),(4351,1,1),(4352,2,1),(4353,3,1),(4354,1,1),(4355,2,1),(4356,3,1),(4357,1,1),(4358,2,1),(4359,3,1),(4360,1,1),(4361,2,1),(4362,3,1),(4363,1,1),(4364,2,1),(4365,3,1),(4366,1,1),(4367,2,1),(4368,3,1),(4369,1,1),(4370,2,1),(4371,3,1),(4372,1,1),(4373,2,1),(4374,3,1),(4375,1,1),(4376,2,1),(4377,3,1),(4378,1,1),(4379,2,1),(4380,3,1),(4381,1,1),(4382,2,1),(4383,3,1),(4384,1,1),(4385,2,1),(4386,3,1),(4387,1,1),(4388,2,1),(4389,3,1),(4390,1,1),(4391,2,1),(4392,3,1),(4393,1,1),(4394,2,1),(4395,3,1),(4396,1,1),(4397,2,1),(4398,3,1),(4399,1,1),(4400,2,1),(4401,3,1),(4402,1,1),(4403,2,1),(4404,3,1),(4405,1,1),(4406,2,1),(4407,3,1),(4408,1,1),(4409,2,1),(4410,3,1),(4411,1,1),(4412,2,1),(4413,3,1),(4414,1,1),(4415,2,1),(4416,3,1),(4417,1,1),(4418,2,1),(4419,3,1),(4420,1,1),(4421,2,1),(4422,3,1),(4423,1,1),(4424,2,1),(4425,3,1),(4426,1,1),(4427,2,1),(4428,3,1),(4429,1,1),(4430,2,1),(4431,3,1),(4432,1,1),(4433,2,1),(4434,3,1),(4435,1,1),(4436,2,1),(4437,3,1),(4438,1,1),(4439,2,1),(4440,3,1),(4441,1,1),(4442,2,1),(4443,3,1);
/*!40000 ALTER TABLE `u_po_equip` ENABLE KEYS */;
UNLOCK TABLES;

--
-- Table structure for table `u_po_role`
--

DROP TABLE IF EXISTS `u_po_role`;
/*!40101 SET @saved_cs_client     = @@character_set_client */;
/*!40101 SET character_set_client = utf8 */;
CREATE TABLE `u_po_role` (
  `id` int(11) NOT NULL AUTO_INCREMENT,
  `last_login_time` bigint(22) DEFAULT NULL,
  `last_logoff_time` bigint(22) DEFAULT NULL,
  `name` varchar(255) DEFAULT NULL,
  `lv` int(11) DEFAULT NULL,
  `exp` int(11) DEFAULT NULL,
  `iuid` varchar(255) DEFAULT NULL,
  `pssd` varchar(255) DEFAULT NULL,
  `coin` int(11) DEFAULT NULL,
  `gold` int(11) DEFAULT NULL,
  `packs` varchar(255) DEFAULT NULL,
  `abandom_state` int(11) DEFAULT NULL,
  `token` varchar(255) DEFAULT NULL,
  `scene_id` int(11) DEFAULT NULL,
  `x` double(11,0) DEFAULT NULL,
  `model` int(11) DEFAULT NULL,
  `y` double(11,0) DEFAULT NULL,
  `z` double(11,0) DEFAULT NULL,
  `bat_melee_attack_min` int(11) DEFAULT NULL,
  `bat_magic_attack_min` int(11) DEFAULT NULL,
  `bat_melee_defence_min` int(11) DEFAULT NULL,
  `bat_magic_defence_min` int(11) DEFAULT NULL,
  `bat_melee_attack_max` int(11) DEFAULT NULL,
  `bat_magic_attack_max` int(11) DEFAULT NULL,
  `bat_melee_defence_max` int(11) DEFAULT NULL,
  `bat_magic_defence_max` int(11) DEFAULT NULL,
  `bat_hp` int(11) DEFAULT NULL,
  `bat_mp` int(11) DEFAULT NULL,
  `bat_critical` int(11) DEFAULT NULL,
  `bat_dodge` int(11) DEFAULT NULL,
  `bat_hp_reg` int(11) DEFAULT NULL,
  `bat_mp_reg` int(11) DEFAULT NULL,
  `bat_movement` int(11) DEFAULT NULL,
  `bat_lucky` int(11) DEFAULT NULL,
  `equip_weapon_id` int(11) DEFAULT NULL,
  `equip_left_ring_id` int(11) DEFAULT NULL,
  `equip_right_ring_id` int(11) DEFAULT NULL,
  `equip_armor_id` int(11) DEFAULT NULL,
  `equip_necklace_id` int(11) DEFAULT NULL,
  `equip_legging_id` int(11) DEFAULT NULL,
  `equip_wing_id` int(11) DEFAULT NULL,
  `equip_avatar_id` int(11) DEFAULT NULL,
  `main_pack_item_vos` text,
  PRIMARY KEY (`id`)
) ENGINE=InnoDB AUTO_INCREMENT=118 DEFAULT CHARSET=utf8;
/*!40101 SET character_set_client = @saved_cs_client */;

--
-- Dumping data for table `u_po_role`
--

LOCK TABLES `u_po_role` WRITE;
/*!40000 ALTER TABLE `u_po_role` DISABLE KEYS */;
INSERT INTO `u_po_role` VALUES (110,0,0,'Johnny',14,6699,'johnny','******',100,0,NULL,NULL,NULL,1001,0,942003,0,0,NULL,NULL,NULL,NULL,NULL,NULL,NULL,NULL,NULL,NULL,NULL,NULL,NULL,NULL,NULL,NULL,NULL,NULL,NULL,NULL,NULL,NULL,NULL,NULL,NULL),(111,0,0,'jjjjj',6,2900,'jjjjj','*****',100,0,NULL,NULL,NULL,1001,0,942003,0,0,NULL,NULL,NULL,NULL,NULL,NULL,NULL,NULL,NULL,NULL,NULL,NULL,NULL,NULL,NULL,NULL,NULL,NULL,NULL,NULL,NULL,NULL,NULL,NULL,NULL),(112,0,0,'乔尼',5,1450,'czj','***',100,0,NULL,NULL,NULL,1001,0,942003,0,0,NULL,NULL,NULL,NULL,NULL,NULL,NULL,NULL,NULL,NULL,NULL,NULL,NULL,NULL,NULL,NULL,NULL,NULL,NULL,NULL,NULL,NULL,NULL,NULL,NULL),(113,0,0,'乔尼2号',6,820,'yong','****',100,0,NULL,NULL,NULL,1001,0,942003,0,0,NULL,NULL,NULL,NULL,NULL,NULL,NULL,NULL,NULL,NULL,NULL,NULL,NULL,NULL,NULL,NULL,NULL,NULL,NULL,NULL,NULL,NULL,NULL,NULL,NULL),(114,0,0,'砍的就是你',5,2910,'jwb','******',100,0,NULL,NULL,NULL,1001,0,942003,0,0,NULL,NULL,NULL,NULL,NULL,NULL,NULL,NULL,NULL,NULL,NULL,NULL,NULL,NULL,NULL,NULL,NULL,NULL,NULL,NULL,NULL,NULL,NULL,NULL,NULL),(115,0,0,'陈终结',3,20,'xiaobao','***',100,0,NULL,NULL,NULL,1001,0,942003,0,0,NULL,NULL,NULL,NULL,NULL,NULL,NULL,NULL,NULL,NULL,NULL,NULL,NULL,NULL,NULL,NULL,NULL,NULL,NULL,NULL,NULL,NULL,NULL,NULL,NULL),(116,0,0,'das',3,1200,'gfdg','***',100,0,NULL,NULL,NULL,1001,0,942003,0,0,NULL,NULL,NULL,NULL,NULL,NULL,NULL,NULL,NULL,NULL,NULL,NULL,NULL,NULL,NULL,NULL,NULL,NULL,NULL,NULL,NULL,NULL,NULL,NULL,NULL),(117,0,0,'蝈蝈',5,500,'guole','*********',100,0,NULL,NULL,NULL,1001,0,942003,0,0,NULL,NULL,NULL,NULL,NULL,NULL,NULL,NULL,NULL,NULL,NULL,NULL,NULL,NULL,NULL,NULL,NULL,NULL,NULL,NULL,NULL,NULL,NULL,NULL,NULL);
/*!40000 ALTER TABLE `u_po_role` ENABLE KEYS */;
UNLOCK TABLES;
/*!40103 SET TIME_ZONE=@OLD_TIME_ZONE */;

/*!40101 SET SQL_MODE=@OLD_SQL_MODE */;
/*!40014 SET FOREIGN_KEY_CHECKS=@OLD_FOREIGN_KEY_CHECKS */;
/*!40014 SET UNIQUE_CHECKS=@OLD_UNIQUE_CHECKS */;
/*!40101 SET CHARACTER_SET_CLIENT=@OLD_CHARACTER_SET_CLIENT */;
/*!40101 SET CHARACTER_SET_RESULTS=@OLD_CHARACTER_SET_RESULTS */;
/*!40101 SET COLLATION_CONNECTION=@OLD_COLLATION_CONNECTION */;
/*!40111 SET SQL_NOTES=@OLD_SQL_NOTES */;

-- Dump completed on 2014-11-01 17:08:37
